geo,year,sm_participation,inflation,unemployment,cci,Facebook,Instagram,YouTube,LinkedIn,ent_share,prof_share,ent_minus_prof
AL,2018,48.33,,,,79.24083333333333,3.0941666666666667,7.065,0.29833333333333334,89.39999999999999,0.29833333333333334,89.10166666666667
AL,2019,52.13,,,,69.00333333333333,5.556666666666666,4.623333333333334,0.2758333333333333,79.18333333333334,0.2758333333333333,78.9075
AL,2020,54.8,,,,75.62,6.1433333333333335,3.115,0.1575,84.87833333333333,0.1575,84.72083333333333
AL,2021,60.77,,,,91.66083333333334,1.36,1.0358333333333334,0.11583333333333334,94.05666666666667,0.11583333333333334,93.94083333333333
AL,2022,64.07,,,,93.21833333333332,1.83,1.0875000000000001,0.13999999999999999,96.13583333333334,0.13999999999999999,95.99583333333334
AL,2023,66.27,,,,92.63333333333333,4.28,0.49833333333333335,0.06583333333333334,97.41166666666668,0.06583333333333334,97.34583333333332
AL,2024,68.95,,,,92.47583333333334,4.2725,0.35250000000000004,0.115,97.10083333333334,0.115,96.98583333333333
AT,2013,37.45,1.9822109275730693,5.708333333333333,99.5975975,78.09916666666666,0.0,4.810833333333334,0.13166666666666668,82.91,0.13166666666666668,82.77833333333332
AT,2014,44.24,0.8057147603621528,6.05,99.52417083333334,83.27,0.0,0.965,0.03833333333333334,84.235,0.03833333333333334,84.19666666666667
AT,2015,45.33,1.07119314436388,6.158333333333334,99.70536166666666,83.95083333333334,0.0,0.14916666666666667,0.041666666666666664,84.1,0.041666666666666664,84.05833333333332
AT,2016,49.02,1.5816076960704306,6.466666666666666,100.19476083333332,84.63916666666667,0.22833333333333336,0.22,0.07833333333333332,85.08749999999999,0.07833333333333332,85.00916666666667
AT,2017,51.19,2.3354735152488093,5.949999999999999,101.10465833333335,80.82333333333334,1.1908333333333334,1.9666666666666668,0.1325,83.98083333333334,0.1325,83.84833333333334
AT,2018,53.17,1.709669829817262,5.2250000000000005,101.39498333333334,70.05499999999999,2.3850000000000002,4.820833333333334,0.17833333333333334,77.26083333333334,0.17833333333333334,77.0825
AT,2019,55.55,1.8351453465957235,4.825,100.90170833333333,74.38833333333334,2.5625,2.841666666666667,0.1325,79.7925,0.1325,79.66000000000001
AT,2020,59.54,1.014613462557734,6.1000000000000005,99.58611,75.07166666666667,2.73,2.5575,0.10416666666666667,80.35916666666667,0.10416666666666667,80.25500000000001
AT,2021,57.11,3.785323439022581,6.166666666666667,100.48819916666667,71.2325,2.704166666666667,3.5141666666666667,0.28583333333333333,77.45083333333334,0.28583333333333333,77.165
AT,2022,61.47,10.537339303770054,4.733333333333333,97.07897000000001,71.65916666666666,8.304166666666667,3.6816666666666666,0.27166666666666667,83.645,0.27166666666666667,83.37333333333333
AT,2023,63.42,5.65174779483828,5.125,97.38709083333333,64.6075,16.163333333333334,3.6391666666666667,0.375,84.41,0.375,84.035
AT,2024,64.74,2.133580705009286,5.175,98.65249416666667,62.96666666666667,16.399166666666666,3.6799999999999997,0.5141666666666667,83.04583333333333,0.5141666666666667,82.53166666666667
BA,2018,46.09,,,,95.77583333333332,2.02,0.7975,,98.59333333333332,0.0,98.59333333333332
BA,2019,45.84,,,,98.90583333333332,0.3641666666666667,0.14,,99.41000000000001,0.0,99.41000000000001
BA,2020,50.04,,,,99.03583333333334,0.29416666666666663,0.09833333333333333,,99.42833333333333,0.0,99.42833333333333
BA,2021,49.65,,17.233333333333334,,97.00083333333333,0.7141666666666667,0.4916666666666667,,98.20666666666666,0.0,98.20666666666666
BA,2023,57.74,,13.424999999999999,,82.97916666666667,8.049166666666666,1.9116666666666668,,92.94,0.0,92.94
BA,2024,65.46,,12.725,,83.36749999999999,7.9624999999999995,1.4116666666666668,,92.74166666666667,0.0,92.74166666666667
BE,2013,46.64,1.166107382550341,8.558333333333334,100.27289666666667,77.47416666666666,0.0,4.1475,0.3566666666666667,81.62166666666667,0.3566666666666667,81.265
BE,2014,52.43,-0.38975039389667065,8.658333333333333,100.7918525,86.58583333333333,0.0,0.7975,0.08583333333333333,87.38333333333333,0.08583333333333333,87.2975
BE,2015,66.72,1.4485514485514495,8.666666666666666,100.54776666666667,82.06583333333333,0.0,0.12583333333333332,0.08833333333333333,82.19166666666666,0.08833333333333333,82.10333333333334
BE,2016,69.31,2.19924503528639,7.841666666666666,100.34535833333332,80.44,0.12916666666666665,0.16583333333333333,0.16666666666666666,80.735,0.16666666666666666,80.56833333333334
BE,2017,72.02,2.0555644772763726,7.1000000000000005,101.16244166666667,74.80499999999999,1.0383333333333333,1.67,0.2575,77.51333333333334,0.2575,77.25583333333333
BE,2018,72.6,2.202989771833219,5.983333333333333,100.81191666666666,64.66083333333333,2.138333333333333,4.113333333333333,0.32666666666666666,70.91250000000001,0.32666666666666666,70.58583333333333
BE,2019,75.53,0.9160892994611203,5.358333333333333,99.93882,63.385,2.739166666666667,2.5433333333333334,0.26166666666666666,68.6675,0.26166666666666666,68.40583333333333
BE,2020,78.9,0.3585323060492751,5.558333333333334,99.63759750000001,61.00083333333333,3.355,2.1591666666666667,0.19000000000000003,66.515,0.19000000000000003,66.325
BE,2021,62.78,6.590148981453314,6.2749999999999995,101.29980833333333,63.9,3.4791666666666665,2.5191666666666666,0.5166666666666667,69.89833333333333,0.5166666666666667,69.38166666666667
BE,2022,67.84,10.211794908364835,5.55,98.19837916666667,70.96916666666667,6.196666666666666,1.9325,0.3875,79.09833333333334,0.3875,78.71083333333333
BE,2023,68.48,0.5370430281462113,5.5249999999999995,99.52681416666667,69.2625,10.08,2.018333333333333,0.5633333333333334,81.36083333333333,0.5633333333333334,80.7975
BE,2024,72.26,4.408546788518475,5.708333333333333,99.9762,64.74,11.726666666666667,3.4275,0.8658333333333333,79.89416666666666,0.8658333333333333,79.02833333333332
BG,2013,37.3,-0.8557540905045569,13.924999999999999,,90.99166666666667,0.0,2.1366666666666667,0.1125,93.12833333333333,0.1125,93.01583333333333
BG,2014,39.57,-1.954149979284614,12.391666666666666,,90.22166666666668,0.0,1.7366666666666666,0.05583333333333334,91.95833333333333,0.05583333333333334,91.90249999999999
BG,2015,42.15,-0.8944291851538888,10.125,,93.6425,0.0,0.0825,0.055,93.72500000000001,0.055,93.67
BG,2016,45.03,-0.49744172825467725,8.566666666666666,,94.40583333333332,0.017499999999999998,0.3416666666666666,0.15083333333333335,94.765,0.15083333333333335,94.61416666666666
BG,2017,49.95,1.7926010569918605,7.1499999999999995,,97.03666666666668,0.12666666666666668,0.48666666666666664,0.06999999999999999,97.64999999999999,0.06999999999999999,97.58
BG,2018,51.36,2.315302041675449,6.183333333333334,,94.88083333333333,0.40750000000000003,1.7216666666666667,0.0575,97.00999999999999,0.0575,96.9525
BG,2019,52.85,3.0994994171295254,5.183333333333334,,94.86083333333333,0.505,1.0483333333333333,0.0525,96.41416666666667,0.0525,96.36166666666666
BG,2020,54.74,0.013302294645822776,6.041666666666667,,95.86666666666666,0.765,0.745,0.029166666666666664,97.37666666666667,0.029166666666666664,97.34750000000001
BG,2021,60.05,6.590410321207685,5.175,,97.23416666666667,0.7575,0.5175,0.03333333333333333,98.50916666666666,0.03333333333333333,98.47583333333334
BG,2022,63.42,14.324931370102334,4.158333333333333,,97.96583333333332,0.7575,0.4066666666666667,0.030833333333333334,99.13,0.030833333333333334,99.09916666666668
BG,2023,64.2,4.987993887797426,4.316666666666666,,97.42666666666666,1.0775,0.7141666666666667,0.021666666666666667,99.21833333333332,0.021666666666666667,99.19666666666666
BG,2024,64.99,2.0844162594864324,4.166666666666667,,97.765,0.6633333333333333,1.1525,0.0375,99.58083333333333,0.0375,99.54333333333334
CH,2014,42.86,-0.09652509652509078,4.833333333333333,100.95031666666667,80.33166666666666,0.0,1.0266666666666666,0.1425,81.35833333333333,0.1425,81.21583333333334
CH,2017,52.72,1.098469988230688,4.783333333333333,100.65261666666667,73.18083333333333,1.3166666666666667,1.4875,0.4058333333333333,75.985,0.4058333333333333,75.57916666666667
CH,2019,53.26,-0.06737247353224562,4.383333333333334,99.73805416666666,63.0225,3.4499999999999997,2.57,0.5658333333333333,69.0425,0.5658333333333333,68.47666666666667
CH,2021,67.1,1.3225712340756646,4.991666666666666,100.59095666666667,59.86833333333333,3.814166666666667,2.8541666666666665,1.0999999999999999,66.53666666666666,1.0999999999999999,65.43666666666667
CH,2023,69.11,2.0553064275037336,4.041666666666667,96.73761666666667,64.44833333333334,12.421666666666667,1.9933333333333332,0.7183333333333333,78.86333333333333,0.7183333333333333,78.145
CY,2013,44.33,-1.254915084079311,15.908333333333333,,88.50166666666667,0.0,2.3583333333333334,0.19833333333333333,90.86,0.19833333333333333,90.66166666666668
CY,2014,50.1,-0.9573837160044008,16.150000000000002,,91.8,0.0,0.5499999999999999,0.06083333333333333,92.35000000000001,0.06083333333333333,92.28916666666667
CY,2015,54.04,-0.5645851154833292,14.924999999999999,,93.44916666666667,0.0,0.045000000000000005,0.03666666666666667,93.49416666666667,0.03666666666666667,93.4575
CY,2016,59.97,0.06882312456986117,13.0,,93.20833333333333,0.0175,0.15166666666666667,0.08916666666666667,93.3775,0.08916666666666667,93.28833333333334
CY,2017,63.04,-0.42125171939476624,11.108333333333334,,89.33166666666666,0.3933333333333333,1.0991666666666666,0.12000000000000001,90.82416666666667,0.12000000000000001,90.70416666666667
CY,2018,68.96,1.0101010101010166,8.4,,91.985,0.6983333333333333,1.0791666666666666,0.0825,93.76249999999999,0.0825,93.67999999999999
CY,2019,71.72,0.7179487179487243,7.1499999999999995,,87.07583333333334,1.6475,0.8716666666666667,0.17916666666666667,89.59499999999998,0.17916666666666667,89.41583333333334
CY,2020,78.18,-0.7807196198234889,7.591666666666666,,87.15249999999999,2.005,1.0016666666666667,0.6583333333333333,90.15916666666665,0.6583333333333333,89.50083333333333
CY,2021,78.62,4.832364009579182,7.183333333333334,,87.45166666666667,1.8591666666666666,1.2866666666666666,0.8108333333333334,90.59750000000001,0.8108333333333334,89.78666666666668
CY,2022,77.91,7.587501019825416,6.2749999999999995,,77.23833333333333,7.390833333333333,3.4683333333333337,0.8691666666666666,88.09750000000001,0.8691666666666666,87.22833333333334
CY,2023,82.56,1.9261393796921045,5.841666666666666,,66.89416666666666,13.589166666666666,4.611666666666667,0.7241666666666666,85.095,0.7241666666666666,84.37083333333334
CY,2024,86.81,3.117327579793172,4.8999999999999995,,69.20166666666667,13.551666666666668,3.9258333333333333,0.665,86.67916666666667,0.665,86.01416666666667
CZ,2013,36.3,1.4962593516209433,6.9750000000000005,98.64902083333334,79.625,0.0,6.870833333333334,0.1775,86.49583333333334,0.1775,86.31833333333333
CZ,2014,39.98,0.08190008190009923,6.116666666666667,101.0322775,78.41166666666666,0.0,1.71,0.12,80.12166666666667,0.12,80.00166666666667
CZ,2015,40.64,-0.08183306055646877,5.066666666666666,102.16753333333334,77.6175,0.0,0.41083333333333333,0.14333333333333334,78.02833333333334,0.14333333333333334,77.885
CZ,2016,45.05,2.0475020475020367,3.9583333333333335,102.61970000000001,69.32833333333333,0.04083333333333333,2.6591666666666667,0.8858333333333334,72.02833333333334,0.8858333333333334,71.1425
CZ,2017,48.35,2.2471910112359605,2.891666666666667,103.019775,61.00333333333333,1.6916666666666667,5.45,1.8533333333333335,68.145,1.8533333333333335,66.29166666666667
CZ,2018,55.57,1.5698587127158659,2.25,103.5363,54.76833333333334,3.015833333333333,9.35,1.4108333333333334,67.13416666666667,1.4108333333333334,65.72333333333334
CZ,2019,58.95,3.16846986089645,2.025,102.85640000000001,45.55416666666667,3.674166666666667,6.4125000000000005,0.5125000000000001,55.64083333333334,0.5125000000000001,55.12833333333333
CZ,2020,58.97,2.397003745318349,2.558333333333333,100.56209166666667,45.182500000000005,5.16,5.395833333333333,0.24750000000000003,55.73833333333334,0.24750000000000003,55.490833333333335
CZ,2021,61.5,5.4864667154352675,2.8083333333333336,100.3986375,53.865833333333335,4.176666666666667,5.416666666666667,0.4583333333333333,63.45916666666667,0.4583333333333333,63.00083333333333
CZ,2022,64.13,16.712898751733718,2.3833333333333333,96.75221,57.767500000000005,8.57,4.4325,0.3491666666666667,70.77,0.3491666666666667,70.42083333333333
CZ,2023,68.13,7.605466428995822,2.6166666666666667,98.30641333333334,70.82916666666667,9.021666666666667,2.4466666666666668,0.3,82.2975,0.3,81.9975
CZ,2024,70.24,3.2026504693539515,2.7583333333333333,99.87447250000001,61.19083333333333,13.027500000000002,6.889166666666667,0.6466666666666666,81.1075,0.6466666666666666,80.46083333333333
DE,2013,42.09,1.2195121951219523,4.933333333333334,100.83949166666667,78.02333333333333,0.0,4.804166666666666,0.11416666666666668,82.8275,0.11416666666666668,82.71333333333332
DE,2014,42.33,0.0860585197934638,4.716666666666667,101.41875,77.23583333333333,0.0,1.3283333333333334,0.057499999999999996,78.56416666666667,0.057499999999999996,78.50666666666666
DE,2015,56.96,0.2579535683576939,4.3500000000000005,101.41788333333334,74.99833333333333,0.0,0.21166666666666667,0.255,75.21,0.255,74.955
DE,2016,50.33,1.543739279588352,3.908333333333333,101.28175,75.345,0.1791666666666667,0.5141666666666667,0.22833333333333336,76.03833333333334,0.22833333333333336,75.81
DE,2017,50.59,1.520270270270263,3.516666666666667,101.76735000000001,69.2025,2.7708333333333335,3.0908333333333338,0.22999999999999998,75.06416666666667,0.22999999999999998,74.83416666666666
DE,2018,52.7,1.580698835274541,3.1916666666666664,101.75115833333332,62.12083333333334,3.1616666666666666,6.480833333333333,0.255,71.76333333333334,0.255,71.50833333333334
DE,2019,52.5,1.5561015561015523,2.9499999999999997,101.22150833333335,63.39666666666667,3.2925000000000004,4.665,0.2808333333333333,71.35416666666667,0.2808333333333333,71.07333333333334
DE,2020,54.3,-0.5645161290322553,3.65,99.7652225,63.656666666666666,3.591666666666667,3.978333333333333,0.24333333333333332,71.22666666666667,0.24333333333333332,70.98333333333333
DE,2021,46.6,5.596107055961075,3.608333333333333,100.63240083333334,67.16583333333334,4.034166666666667,4.0408333333333335,0.5866666666666667,75.24083333333334,0.5866666666666667,74.65416666666667
DE,2022,47.73,9.600614439324119,3.1333333333333333,97.75575083333332,70.91833333333334,8.5275,3.1333333333333333,0.5966666666666667,82.57916666666667,0.5966666666666667,81.9825
DE,2023,48.61,3.784162578836714,3.0583333333333336,98.63357583333334,59.37083333333334,18.415,4.11,1.7225,81.89583333333333,1.7225,80.17333333333333
DE,2024,58.02,2.8359216745442284,3.375,99.44859666666667,57.79333333333333,19.413333333333334,3.9825,1.3841666666666665,81.18916666666667,1.3841666666666665,79.80499999999999
DK,2013,63.6,0.5150214592274605,7.366666666666667,100.73371666666667,75.03916666666667,0.0,4.113333333333333,0.33,79.1525,0.33,78.8225
DK,2014,66.49,0.0,6.916666666666667,101.41391666666668,83.73,0.0,0.6066666666666667,0.09916666666666667,84.33666666666666,0.09916666666666667,84.2375
DK,2015,64.86,0.3415883859948732,6.266666666666667,101.52268333333335,83.05333333333333,0.0,0.075,0.0775,83.12833333333333,0.0775,83.05083333333333
DK,2016,74.37,0.2553191489361728,5.983333333333333,100.649825,85.2625,0.13416666666666666,0.1225,0.16749999999999998,85.51916666666666,0.16749999999999998,85.35166666666667
DK,2017,75.5,0.8488964346349714,5.825,101.27886666666666,77.41083333333333,1.3166666666666667,2.035833333333333,1.1033333333333333,80.76333333333334,1.1033333333333333,79.66
DK,2018,78.64,0.6734006734006703,5.125,101.25619166666667,68.075,2.9575,4.708333333333333,1.6166666666666665,75.74083333333333,1.6166666666666665,74.12416666666667
DK,2019,80.76,0.8361204013378032,5.0,100.83341666666666,72.67333333333333,3.4308333333333336,2.3283333333333336,0.4175,78.43249999999999,0.4175,78.015
DK,2020,85.01,0.3316749585406287,5.625,100.21587666666666,66.02333333333333,3.7258333333333336,2.6483333333333334,0.42250000000000004,72.3975,0.42250000000000004,71.97500000000001
DK,2021,85.42,3.388429752066102,5.083333333333333,101.11905833333333,58.155,3.7875,3.3608333333333333,0.7758333333333334,65.30333333333333,0.7758333333333334,64.5275
DK,2022,84.73,9.592326139088737,4.45,97.2954175,51.65416666666667,7.322500000000001,2.48,0.6,61.45666666666667,0.6,60.85666666666666
DK,2023,91.02,0.4376367614879584,5.133333333333334,98.51695833333333,66.97416666666668,11.286666666666667,1.9116666666666668,0.6666666666666666,80.1725,0.6666666666666666,79.50583333333333
DK,2024,90.02,1.8155410312272968,6.191666666666666,99.10649416666666,77.3175,7.392499999999999,1.5766666666666664,0.6008333333333333,86.28666666666668,0.6008333333333333,85.68583333333333
EE,2013,48.82,2.0473676701384003,8.5,100.58093416666667,71.18416666666667,0.0,6.335833333333333,0.15166666666666667,77.52,0.15166666666666667,77.36833333333333
EE,2014,50.64,0.05592450192239973,7.308333333333334,101.73536666666666,73.10833333333333,0.0,1.1316666666666666,0.06999999999999999,74.24,0.06999999999999999,74.17
EE,2015,55.83,-0.16767973171243344,6.383333333333333,101.79181666666666,79.95916666666666,0.0,0.12333333333333334,0.0725,80.0825,0.0725,80.01
EE,2016,57.45,2.351459164392189,6.841666666666666,101.82845833333333,76.8,0.1975,1.0858333333333332,0.3758333333333333,78.08333333333333,0.3758333333333333,77.7075
EE,2017,60.31,3.7606837606837695,5.825,102.98714166666667,68.9225,1.4933333333333334,3.205833333333333,0.43916666666666665,73.62166666666667,0.43916666666666665,73.1825
EE,2018,62.07,3.3212520593080663,5.366666666666667,103.28865833333333,60.5325,2.74,7.488333333333333,0.2791666666666667,70.76083333333334,0.2791666666666667,70.48166666666667
EE,2019,65.14,1.7922061355953867,4.491666666666666,103.58128333333333,56.288333333333334,4.065833333333333,3.9941666666666666,0.3166666666666667,64.34833333333334,0.3166666666666667,64.03166666666667
EE,2020,65.2,-0.8771929824561431,6.8999999999999995,100.185075,55.67916666666667,6.716666666666666,3.825833333333333,0.28250000000000003,66.22166666666666,0.28250000000000003,65.93916666666667
EE,2021,67.33,12.029077117572683,6.183333333333334,100.29552583333333,65.11416666666666,4.1066666666666665,3.9033333333333338,0.3908333333333333,73.12416666666667,0.3908333333333333,72.73333333333333
EE,2022,66.08,17.502680133160297,5.575,95.450665,69.3175,6.57,2.4908333333333332,0.325,78.37833333333333,0.325,78.05333333333333
EE,2023,68.49,4.264105642256899,6.441666666666666,94.97810416666665,69.01666666666667,9.188333333333334,2.1266666666666665,0.39666666666666667,80.33166666666666,0.39666666666666667,79.935
EE,2024,68.43,4.0620826233132235,7.633333333333333,94.28725166666668,69.2,9.241666666666667,2.7358333333333333,0.6116666666666667,81.1775,0.6116666666666667,80.56583333333333
EL,2013,36.11,-1.8155292591992223,27.808333333333334,95.1597925,,,,,0.0,0.0,0.0
EL,2014,40.65,-2.5342578834406493,26.625,97.38326666666667,,,,,0.0,0.0,0.0
EL,2015,43.91,0.3895993901922745,24.991666666666664,97.545435,,,,,0.0,0.0,0.0
EL,2016,46.65,0.2868472116763776,23.900000000000002,96.289605,,,,,0.0,0.0,0.0
EL,2017,49.97,0.9674434255909636,21.833333333333332,96.72131,,,,,0.0,0.0,0.0
EL,2018,53.03,0.6332277953674526,19.758333333333333,98.53843833333333,,,,,0.0,0.0,0.0
EL,2019,56.69,1.0514985924821918,17.866666666666667,101.76052,,,,,0.0,0.0,0.0
EL,2020,59.41,-2.392462105694393,17.608333333333334,100.0672975,,,,,0.0,0.0,0.0
EL,2021,62.05,4.356585243011835,14.799999999999999,99.70351333333333,,,,,0.0,0.0,0.0
EL,2022,67.03,7.5852638352638335,12.433333333333332,97.68853333333334,,,,,0.0,0.0,0.0
EL,2023,68.1,3.6859813084112236,11.041666666666666,99.054365,,,,,0.0,0.0,0.0
EL,2024,68.67,2.942024805307164,10.141666666666667,98.32191999999999,,,,,0.0,0.0,0.0
ES,2013,45.92,0.30507915567281607,26.099999999999998,95.909125,85.2675,0.0,1.9941666666666666,0.1758333333333333,87.26166666666667,0.1758333333333333,87.08583333333333
ES,2014,51.11,-1.1344019728730004,24.45,99.23013583333334,87.4575,0.0,0.5033333333333333,0.13,87.96083333333333,0.13,87.83083333333333
ES,2015,50.93,-0.1247193813918579,22.058333333333334,102.126975,91.58166666666666,0.0,0.04083333333333333,0.04583333333333334,91.6225,0.04583333333333334,91.57666666666667
ES,2016,53.79,1.406926406926412,19.633333333333333,101.85509166666667,95.07416666666667,0.02,0.04666666666666667,0.051666666666666666,95.14083333333333,0.051666666666666666,95.08916666666666
ES,2017,57.17,1.2232164846892601,17.25,102.77026666666666,92.74833333333333,0.7558333333333334,0.8233333333333334,0.06583333333333334,94.3275,0.06583333333333334,94.26166666666667
ES,2018,58.06,1.2246553122465587,15.258333333333333,102.32166666666666,71.06666666666666,3.111666666666667,6.649166666666667,0.225,80.8275,0.225,80.6025
ES,2019,58.61,0.8492909222017397,14.116666666666667,101.82249999999999,78.975,5.3525,2.2591666666666668,0.12833333333333333,86.58666666666666,0.12833333333333333,86.45833333333333
ES,2020,64.68,-0.5720187495034557,15.541666666666666,97.14844166666667,83.85166666666667,4.16,1.8341666666666665,0.10166666666666667,89.84583333333335,0.10166666666666667,89.74416666666667
ES,2021,64.66,6.568118258090294,14.924999999999999,100.03209500000001,86.19,3.5383333333333336,1.4400000000000002,0.16666666666666666,91.16833333333334,0.16666666666666666,91.00166666666667
ES,2022,63.22,5.480992727000067,13.049999999999999,96.08874250000001,90.7725,3.5708333333333333,0.8266666666666667,0.10083333333333333,95.17,0.10083333333333333,95.06916666666666
ES,2023,64.49,3.2769405743531266,12.191666666666668,98.15721083333334,89.14999999999999,5.371666666666667,0.6891666666666666,0.10333333333333333,95.21083333333333,0.10333333333333333,95.1075
ES,2024,64.7,2.835707894555717,11.358333333333334,99.62972333333333,86.42166666666667,6.2875000000000005,1.4933333333333332,0.20833333333333334,94.2025,0.20833333333333334,93.99416666666667
EU27_2020,2013,40.78,,11.6,,,,,,,,
EU27_2020,2014,43.61,,11.016666666666666,,,,,,,,
EU27_2020,2015,47.9,,10.191666666666666,,,,,,,,
EU27_2020,2016,49.24,,9.266666666666667,,,,,,,,
EU27_2020,2017,51.8,,8.266666666666667,,,,,,,,
EU27_2020,2018,53.73,,7.391666666666667,,,,,,,,
EU27_2020,2019,54.16,,6.816666666666666,,,,,,,,
EU27_2020,2020,57.26,,7.2250000000000005,,,,,,,,
EU27_2020,2021,56.84,,7.05,,,,,,,,
EU27_2020,2022,58.11,,6.208333333333333,,,,,,,,
EU27_2020,2023,59.31,,6.066666666666666,,,,,,,,
EU27_2020,2024,64.82,,5.958333333333333,,,,,,,,
FI,2013,51.31,1.9334229993275054,8.283333333333333,99.07343583333333,70.38916666666667,0.0,5.739166666666667,0.2791666666666667,76.12833333333333,0.2791666666666667,75.84916666666668
FI,2014,55.56,0.5525317499587734,8.758333333333333,98.65892166666667,77.36583333333333,0.0,1.2466666666666668,0.06333333333333334,78.6125,0.06333333333333334,78.54916666666666
FI,2015,58.17,-0.254244238497503,9.441666666666666,99.13988083333334,74.60166666666667,0.0,0.09583333333333333,0.0775,74.6975,0.0775,74.62
FI,2016,61.66,1.093570136490718,8.908333333333333,100.20685416666667,74.7675,0.4666666666666666,0.22083333333333333,0.17916666666666667,75.455,0.17916666666666667,75.27583333333332
FI,2017,66.01,0.5124034160227664,8.733333333333333,102.11365833333333,67.91250000000001,4.009166666666666,2.4274999999999998,0.30416666666666664,74.34916666666668,0.30416666666666664,74.045
FI,2018,66.94,1.3189836543129996,7.425000000000001,101.71199166666668,53.48166666666666,7.352499999999999,6.329166666666667,0.42,67.16333333333334,0.42,66.74333333333333
FI,2019,66.68,1.134094720868939,6.741666666666667,99.63242583333333,49.3225,7.983333333333333,4.6375,0.5408333333333334,61.943333333333335,0.5408333333333334,61.4025
FI,2020,75.07,0.18952854773750527,7.766666666666667,98.8025975,40.906666666666666,9.790000000000001,4.473333333333334,0.48333333333333334,55.169999999999995,0.48333333333333334,54.68666666666667
FI,2021,75.11,3.168597777252291,7.616666666666667,101.63577500000001,48.343333333333334,6.703333333333333,4.18,1.2633333333333334,59.22666666666667,1.2633333333333334,57.96333333333333
FI,2022,75.68,8.786003514401397,6.7749999999999995,96.35358833333333,54.25666666666667,12.045,3.7725000000000004,0.6041666666666666,70.07416666666667,0.6041666666666666,69.47
FI,2023,79.22,1.3273404031182157,7.216666666666666,97.06764083333333,53.48916666666667,17.794999999999998,3.0741666666666667,0.5366666666666667,74.35833333333333,0.5366666666666667,73.82166666666667
FI,2024,78.93,1.559467701691153,8.4,97.74436583333333,49.11083333333334,20.36583333333333,4.226666666666667,1.105,73.70333333333333,1.105,72.59833333333333
FR,2013,37.75,0.8393075712537224,10.299999999999999,97.58155083333332,74.575,0.0,6.0633333333333335,0.2608333333333333,80.63833333333334,0.2608333333333333,80.3775
FR,2014,38.53,0.08670019074041857,10.266666666666666,98.10643,79.37416666666667,0.0,2.0325,0.12166666666666666,81.40666666666667,0.12166666666666666,81.28500000000001
FR,2015,37.72,0.2772002772002846,10.341666666666667,99.48335833333333,81.20333333333333,0.0,0.3516666666666666,0.105,81.555,0.105,81.45
FR,2016,39.85,0.8033863165169297,10.066666666666666,99.70175583333334,75.87,0.0725,0.5275,0.23666666666666666,76.47,0.23666666666666666,76.23333333333333
FR,2017,42.81,1.251178335761427,9.408333333333333,100.764725,66.925,1.6308333333333334,2.3725,0.2775,70.92833333333333,0.2775,70.65083333333332
FR,2018,41.92,1.8958950486669401,9.025,99.75377166666668,70.07833333333333,1.4075,4.189166666666666,0.2841666666666667,75.675,0.2841666666666667,75.39083333333333
FR,2019,42.32,1.619735858460003,8.424999999999999,100.11748999999999,73.08833333333332,2.4274999999999998,2.585,0.22833333333333336,78.10083333333334,0.22833333333333336,77.8725
FR,2021,44.83,3.3932951757972285,7.875,100.4734175,61.11166666666667,4.455,4.069166666666667,0.705,69.63583333333334,0.705,68.93083333333334
FR,2022,44.5,6.737841043890858,7.3,97.55069250000001,71.85333333333334,6.110833333333333,2.8049999999999997,0.6058333333333333,80.76916666666666,0.6058333333333333,80.16333333333334
FR,2023,44.39,4.0972067866933415,7.341666666666666,98.01094166666667,64.86083333333333,13.7525,2.714166666666667,1.7883333333333333,81.3275,1.7883333333333333,79.53916666666667
FR,2024,,1.7508896797153062,7.391666666666667,98.72321583333333,56.6675,16.423333333333336,3.74,0.9908333333333333,76.83083333333333,0.9908333333333333,75.84
HR,2013,37.84,0.45993706124425326,17.391666666666666,,81.9075,0.0,4.5249999999999995,0.15416666666666667,86.4325,0.15416666666666667,86.27833333333332
HR,2014,40.44,-0.09638554216867545,17.158333333333335,,83.42916666666666,0.0,1.1166666666666667,0.07666666666666667,84.54583333333333,0.07666666666666667,84.46916666666667
HR,2015,44.6,-0.3135552339604497,16.083333333333332,,87.43416666666667,0.0,0.1075,0.065,87.54166666666667,0.065,87.47666666666667
HR,2016,50.39,0.7097346560206441,13.275,,87.87166666666667,0.09083333333333332,0.23666666666666666,0.145,88.19916666666667,0.145,88.05416666666667
HR,2017,47.25,1.2733242572275039,10.916666666666666,,80.57833333333333,2.984166666666667,2.4825,0.15666666666666668,86.045,0.15666666666666668,85.88833333333334
HR,2018,53.93,0.9963624861616394,8.266666666666667,,63.379999999999995,14.1,4.920833333333333,0.155,82.40083333333332,0.155,82.24583333333334
HR,2019,57.88,1.260569996868166,6.575,,78.39833333333333,3.481666666666667,2.0658333333333334,0.10916666666666668,83.94583333333334,0.10916666666666668,83.83666666666666
HR,2020,57.17,-0.28608984767648504,7.616666666666667,,81.91250000000001,4.2941666666666665,1.45,0.07833333333333334,87.65666666666668,0.07833333333333334,87.57833333333333
HR,2021,60.89,5.210918114143914,7.491666666666667,,88.39333333333333,1.5875000000000001,1.2708333333333333,0.10916666666666668,91.25166666666667,0.10916666666666668,91.1425
HR,2022,60.14,12.662146226415105,6.716666666666666,,78.33749999999999,6.465833333333333,2.58,0.21333333333333335,87.38333333333333,0.21333333333333335,87.17
HR,2023,62.76,5.351301844825307,6.041666666666667,,73.55083333333333,10.295,2.5016666666666665,0.2383333333333333,86.34750000000001,0.2383333333333333,86.10916666666667
HR,2024,61.0,4.501987083954306,5.125,,76.79083333333334,9.444166666666666,2.415833333333333,0.3175,88.65083333333332,0.3175,88.33333333333333
HU,2013,56.44,0.5994284519411863,9.916666666666666,99.79000083333334,95.27499999999999,0.0,1.4908333333333335,0.025833333333333333,96.76583333333333,0.025833333333333333,96.74
HU,2014,60.02,-0.8452851105106296,7.5249999999999995,101.73202500000001,93.2025,0.0,0.4675,0.023333333333333334,93.67,0.023333333333333334,93.64666666666666
HU,2015,60.75,0.9573055691425969,6.533333333333334,101.63237500000001,95.22333333333334,0.0,0.04416666666666667,0.017499999999999998,95.2675,0.017499999999999998,95.25
HU,2016,65.62,1.8064784053156258,4.875,101.996975,95.49333333333334,0.02,0.09250000000000001,0.06,95.60583333333334,0.06,95.54583333333333
HU,2017,64.57,2.1823373444829652,4.033333333333333,102.419375,95.19416666666666,0.1825,0.7208333333333333,0.035833333333333335,96.09750000000001,0.035833333333333335,96.06166666666667
HU,2018,65.32,2.80106453759148,3.483333333333333,102.82894166666667,91.47250000000001,0.38166666666666665,2.1766666666666667,0.04416666666666667,94.03083333333335,0.04416666666666667,93.98666666666668
HU,2019,68.86,4.103294285159542,3.2583333333333333,102.598775,90.63833333333334,0.62,0.9591666666666666,0.03166666666666667,92.21749999999999,0.03166666666666667,92.18583333333333
HU,2020,73.99,2.8225054398507865,4.133333333333334,100.6078225,90.51416666666667,0.8308333333333334,0.7575,0.028333333333333335,92.1025,0.028333333333333335,92.07416666666667
HU,2021,77.24,7.388596650341639,4.041666666666667,101.00945833333333,93.86333333333333,0.4291666666666667,0.5416666666666666,0.03666666666666667,94.83416666666666,0.03666666666666667,94.7975
HU,2022,78.54,24.998592421597877,3.6666666666666665,98.91153333333334,93.8125,1.1141666666666667,0.4691666666666667,0.19999999999999998,95.39583333333333,0.19999999999999998,95.19583333333333
HU,2023,81.32,5.490743660195485,4.075,98.86398416666667,92.61500000000001,1.8983333333333334,0.9616666666666666,0.10333333333333333,95.47500000000001,0.10333333333333333,95.37166666666667
HU,2024,81.01,4.795046968403072,4.366666666666666,100.03124000000001,94.76166666666667,1.5383333333333333,1.0375,0.0675,97.33749999999999,0.0675,97.27
IE,2013,47.51,0.3676470588235281,13.766666666666666,97.78805333333334,66.23,0.0,2.0175,0.30833333333333335,68.2475,0.30833333333333335,67.93916666666667
IE,2014,50.43,-0.27472527472527375,11.891666666666666,100.2932125,66.93166666666667,0.0,0.5758333333333333,0.145,67.50750000000001,0.145,67.3625
IE,2015,52.55,0.18365472910926162,9.916666666666666,102.72893333333333,86.26333333333334,0.0,0.04,0.06916666666666667,86.30333333333333,0.06916666666666667,86.23416666666667
IE,2016,57.89,-0.18331805682858526,8.383333333333335,102.91718333333334,89.2325,0.05833333333333333,0.17500000000000002,0.3575,89.46583333333332,0.3575,89.10833333333333
IE,2017,58.86,0.45913682277318735,6.766666666666667,103.236,91.255,0.3333333333333333,0.31,0.14083333333333334,91.89833333333333,0.14083333333333334,91.7575
IE,2018,60.13,0.8226691042047429,5.808333333333334,103.38796666666667,90.69083333333333,0.6308333333333334,0.6783333333333333,0.1475,92.0,0.1475,91.8525
IE,2019,63.58,1.1786038077969074,4.9750000000000005,101.36359166666666,93.54166666666667,0.9733333333333333,0.4041666666666666,0.07333333333333333,94.91916666666667,0.07333333333333333,94.84583333333335
IE,2020,60.55,-0.9856630824372714,5.841666666666666,99.43246333333333,87.60000000000001,1.9666666666666668,0.8441666666666666,0.14083333333333334,90.41083333333334,0.14083333333333334,90.27
IE,2021,69.06,5.61085972850679,6.258333333333333,101.92762499999999,94.08583333333333,1.1725,0.4475,0.12583333333333332,95.70583333333333,0.12583333333333332,95.58
IE,2022,72.07,8.140531276778074,4.458333333333333,97.29853166666668,91.65499999999999,2.7566666666666664,0.545,0.1525,94.95666666666666,0.1525,94.80416666666667
IE,2023,70.06,3.2488114104595844,4.3,98.77410833333333,87.40583333333332,4.5216666666666665,0.7533333333333333,0.215,92.68083333333334,0.215,92.46583333333335
IE,2024,74.5,0.9976976208748933,4.3,100.35535,83.33833333333332,6.138333333333333,1.3616666666666666,0.3408333333333333,90.83833333333332,0.3408333333333333,90.4975
IS,2013,78.88,3.674878576862306,6.266666666666667,,81.02666666666667,0.0,1.7441666666666666,0.059166666666666666,82.77083333333333,0.059166666666666666,82.71166666666667
IS,2014,82.73,-0.40638934356832523,5.6000000000000005,,80.91833333333334,0.0,0.2966666666666667,0.0375,81.215,0.0375,81.1775
IS,2017,89.46,-1.0196034249661978,3.283333333333333,,84.385,0.4491666666666667,0.5066666666666667,0.06083333333333333,85.34083333333332,0.06083333333333333,85.28
IS,2018,90.87,1.9691537191963926,3.233333333333333,,80.97416666666668,0.8091666666666667,1.1891666666666667,0.08333333333333333,82.97250000000001,0.08333333333333333,82.88916666666667
IS,2019,91.65,0.9097505162694697,3.9,,75.58416666666666,2.595,1.2308333333333332,0.09000000000000001,79.41,0.09000000000000001,79.32
IS,2020,93.82,2.34513274336281,5.8500000000000005,,73.49249999999999,2.8074999999999997,1.4233333333333331,0.08416666666666667,77.72333333333334,0.08416666666666667,77.63916666666667
IS,2021,92.98,3.864029399048863,5.333333333333333,,82.14666666666666,1.9691666666666665,1.1266666666666667,0.1708333333333333,85.24249999999999,0.1708333333333333,85.07166666666667
IS,2024,89.83,3.5638080537522043,3.4250000000000003,,61.79,9.994166666666667,5.2700000000000005,0.6133333333333334,77.05416666666666,0.6133333333333334,76.44083333333333
IT,2013,31.63,0.6705783738474302,12.358333333333334,97.05887333333334,80.63166666666667,0.0,4.881666666666667,0.30083333333333334,85.51333333333334,0.30083333333333334,85.21249999999999
IT,2014,36.21,-0.08326394671106518,12.783333333333333,98.561285,87.6225,0.0,0.9108333333333333,0.08833333333333333,88.53333333333335,0.08833333333333333,88.44500000000001
IT,2015,38.05,0.08333333333332416,12.025,100.28587916666667,86.15166666666666,0.0,0.1991666666666667,0.14166666666666666,86.35083333333334,0.14166666666666666,86.20916666666666
IT,2016,41.54,0.5828476269775118,11.716666666666667,100.40995833333334,86.83083333333333,0.06083333333333333,0.465,0.24666666666666667,87.35666666666667,0.24666666666666667,87.11
IT,2017,43.36,0.9933774834437026,11.291666666666666,100.23351416666667,80.62083333333334,1.4608333333333334,2.7175,0.37666666666666665,84.79916666666666,0.37666666666666665,84.4225
IT,2018,46.48,1.1475409836065653,10.6,101.48301666666667,70.66333333333334,3.234166666666667,6.56,0.4791666666666667,80.4575,0.4791666666666667,79.97833333333334
IT,2019,42.3,0.4051863857374327,9.908333333333333,100.69350833333334,69.61083333333333,4.985833333333333,3.5416666666666665,0.33916666666666667,78.13833333333334,0.33916666666666667,77.79916666666666
IT,2020,48.42,-0.2421307506053405,9.341666666666667,99.56519333333334,75.845,5.095,2.453333333333333,0.13,83.39333333333333,0.13,83.26333333333334
IT,2021,50.19,4.207119741100329,9.525,102.20650833333333,80.15416666666667,3.329166666666667,3.778333333333333,0.41250000000000003,87.26166666666667,0.41250000000000003,86.84916666666668
IT,2022,53.19,12.267080745341596,8.116666666666667,98.22618916666666,73.27333333333333,11.7525,5.671666666666667,0.455,90.6975,0.455,90.2425
IT,2023,53.06,0.5532503457814641,7.683333333333334,99.538235,76.81583333333334,14.792499999999999,1.5016666666666667,0.48583333333333334,93.11,0.48583333333333334,92.62416666666667
IT,2024,55.96,1.375515818431916,6.566666666666666,99.60944166666667,74.64666666666666,13.4125,2.8691666666666666,0.7174999999999999,90.92833333333333,0.7174999999999999,90.21083333333333
LT,2013,43.6,0.44620367038503694,11.799999999999999,100.46255166666667,70.23416666666667,0.0,9.865833333333333,0.22,80.10000000000001,0.22,79.88
LT,2014,47.02,-0.10747295264025292,10.733333333333334,99.60449166666666,69.21666666666667,0.0,2.585,0.14666666666666667,71.80166666666666,0.14666666666666667,71.655
LT,2015,46.27,-0.2510400229522314,9.141666666666667,100.66961666666667,76.87666666666667,0.0,0.6416666666666667,0.2275,77.51833333333333,0.2275,77.29083333333334
LT,2016,50.34,1.9558495721579083,7.916666666666667,100.40957416666667,70.25750000000001,0.055,4.33,1.2033333333333334,74.6425,1.2033333333333334,73.43916666666667
LT,2017,53.55,3.808449114888224,7.108333333333333,100.08390333333334,66.895,0.8466666666666667,6.59,0.6758333333333333,74.33166666666666,0.6758333333333333,73.65583333333333
LT,2018,57.95,1.7528364698688792,6.191666666666666,101.95732500000001,64.94500000000001,1.5316666666666665,11.039166666666667,0.5258333333333333,77.51583333333333,0.5258333333333333,76.99
LT,2019,60.57,2.730853976096692,6.2749999999999995,103.41816666666666,64.52416666666666,2.9808333333333334,5.429166666666667,0.44416666666666665,72.93416666666667,0.44416666666666665,72.49
LT,2020,61.45,-0.07149356557910602,8.525,100.72370666666667,67.55916666666667,4.355833333333333,4.885,0.24666666666666667,76.8,0.24666666666666667,76.55333333333333
LT,2021,65.19,10.70569105691057,7.141666666666667,101.74821666666666,65.4675,8.8075,8.305,0.395,82.58,0.395,82.185
LT,2022,67.3,19.981199694495032,5.933333333333334,98.54094500000001,61.0725,8.905,5.7175,0.5983333333333333,75.69500000000001,0.5983333333333333,75.09666666666666
LT,2023,68.45,1.6012143766526377,6.841666666666666,101.36341666666668,69.52749999999999,9.2675,6.1049999999999995,0.4666666666666666,84.89999999999999,0.4666666666666666,84.43333333333334
LT,2024,69.84,1.8651501277169968,7.141666666666667,103.45693333333334,59.44583333333333,18.57,5.1674999999999995,0.9425,83.18333333333334,0.9425,82.24083333333333
LU,2013,56.68,1.5304862996790902,5.833333333333333,98.79970250000001,74.99249999999999,0.0,4.429166666666666,0.5266666666666667,79.42166666666667,0.5266666666666667,78.895
LU,2014,60.49,-0.9320042142799245,6.033333333333334,98.94763,84.53750000000001,0.0,0.87,0.12916666666666668,85.40750000000001,0.12916666666666668,85.27833333333334
LU,2015,68.28,0.8507853403141308,6.466666666666666,99.88646083333333,83.5475,0.0,0.13083333333333333,0.11916666666666666,83.67833333333333,0.11916666666666666,83.55916666666667
LU,2016,67.05,1.5736534717715855,6.325,101.32870833333334,81.6625,0.06833333333333334,0.22,0.25333333333333335,81.95083333333334,0.25333333333333335,81.6975
LU,2017,68.08,1.5732311132407029,5.616666666666667,102.50021666666667,74.33416666666666,0.7816666666666667,1.7025,0.4383333333333333,76.81833333333333,0.4383333333333333,76.38
LU,2018,63.76,1.9026653038761054,5.533333333333334,102.25712499999999,62.1025,1.6708333333333334,4.22,0.7799999999999999,67.99333333333334,0.7799999999999999,67.21333333333334
LU,2019,62.51,1.8054162487462166,5.608333333333333,102.2473,64.79833333333333,2.828333333333333,3.0908333333333338,0.5691666666666667,70.7175,0.5691666666666667,70.14833333333333
LU,2020,59.53,-0.34103827207274673,6.666666666666667,98.92887916666666,66.41416666666667,3.3575,2.4025,0.47500000000000003,72.17416666666666,0.47500000000000003,71.69916666666667
LU,2021,61.95,5.45247148288972,5.416666666666667,101.2486725,59.62166666666667,3.1225,3.395,0.8925000000000001,66.13916666666667,0.8925000000000001,65.24666666666667
LU,2022,61.78,6.223408091151672,4.591666666666667,95.86195916666667,65.88083333333333,6.711666666666667,2.4025000000000003,0.7058333333333334,74.99499999999999,0.7058333333333334,74.28916666666667
LU,2023,62.55,3.1636116768499534,5.233333333333333,97.59882083333333,62.038333333333334,13.738333333333335,2.27,0.7225,78.04666666666667,0.7225,77.32416666666667
LU,2024,67.7,1.6122663858910258,6.316666666666666,99.04625333333333,59.91166666666667,12.592500000000001,2.13,1.1675,74.63416666666667,1.1675,73.46666666666667
LV,2013,54.45,-0.4084133142740365,11.866666666666667,102.27531666666665,45.91833333333333,0.0,8.956666666666667,0.2558333333333333,54.875,0.2558333333333333,54.619166666666665
LV,2014,52.74,0.27339211263754937,10.833333333333334,102.98660833333334,58.69416666666667,0.0,1.9349999999999998,0.1425,60.62916666666666,0.1425,60.48666666666667
LV,2015,57.5,0.4021539090723225,9.883333333333333,103.54782499999999,64.32166666666667,0.0,0.2525,0.12416666666666666,64.57416666666667,0.12416666666666666,64.45
LV,2016,57.07,2.118126272912413,9.633333333333333,102.91670833333335,67.9325,0.16666666666666666,1.7116666666666667,0.26916666666666667,69.81083333333333,0.26916666666666667,69.54166666666667
LV,2017,59.9,2.1539688871160756,8.716666666666667,102.24905833333332,63.31,1.1875,5.3425,0.33749999999999997,69.84,0.33749999999999997,69.50250000000001
LV,2018,61.47,2.5510868150462107,7.408333333333334,102.68343333333333,59.72333333333333,2.910833333333333,8.9525,0.365,71.58666666666666,0.365,71.22166666666666
LV,2019,64.66,2.132250285569226,6.3,103.07215000000001,60.958333333333336,3.4491666666666667,3.904166666666667,0.4041666666666666,68.31166666666667,0.4041666666666666,67.9075
LV,2020,67.09,-0.49086616130233907,8.091666666666667,99.7146675,61.13083333333333,4.253333333333333,2.9658333333333338,0.2966666666666667,68.35,0.2966666666666667,68.05333333333333
LV,2021,69.76,7.8801123946300455,7.541666666666667,100.47478583333333,66.71666666666667,3.8524999999999996,2.6666666666666665,0.5141666666666667,73.23583333333333,0.5141666666666667,72.72166666666668
LV,2022,71.19,20.715401979510318,6.841666666666666,96.16552416666667,62.75,5.800833333333333,3.3825000000000003,0.45916666666666667,71.93333333333334,0.45916666666666667,71.47416666666668
LV,2023,73.25,0.8486766398158929,6.508333333333333,97.96244083333333,60.810833333333335,7.879166666666666,3.3766666666666665,0.4491666666666667,72.06666666666666,0.4491666666666667,71.61749999999999
LV,2024,74.14,3.3613844910378887,6.908333333333334,100.65822166666668,68.78916666666667,6.700833333333333,2.408333333333333,0.7116666666666666,77.89833333333333,0.7116666666666666,77.18666666666667
ME,2017,58.38,,,,93.20166666666667,1.4775,1.6224999999999998,0.03916666666666666,96.30166666666666,0.03916666666666666,96.2625
ME,2018,60.38,,,,88.11416666666666,6.260000000000001,1.7825,0.03,96.15666666666665,0.03,96.12666666666667
ME,2019,62.15,,,,91.98166666666667,2.0033333333333334,1.0383333333333333,0.03416666666666667,95.02333333333333,0.03416666666666667,94.98916666666666
ME,2020,67.37,,,,94.16833333333334,1.695,0.5991666666666667,0.03,96.46249999999999,0.03,96.4325
ME,2021,71.39,,,,92.26666666666667,2.14,1.0091666666666665,0.08083333333333333,95.41583333333334,0.08083333333333333,95.335
ME,2022,77.32,,,,84.585,6.346666666666667,1.9041666666666668,0.17333333333333334,92.83583333333333,0.17333333333333334,92.66250000000001
ME,2023,77.55,,,,77.5975,11.933333333333332,1.8825,0.19499999999999998,91.41333333333334,0.19499999999999998,91.21833333333335
ME,2024,78.84,,,,81.24249999999999,9.2675,1.4466666666666665,0.47750000000000004,91.95666666666666,0.47750000000000004,91.47916666666667
MK,2013,55.16,1.8903436988543465,,,94.45416666666667,0.0,1.5566666666666666,0.09083333333333334,96.01083333333334,0.09083333333333334,95.92
MK,2014,54.32,-0.24094450244961374,,,93.25166666666667,0.0,0.9725,0.0575,94.22416666666668,0.0575,94.16666666666667
MK,2015,58.85,-0.33813702600433704,,,96.42416666666666,0.0,0.05583333333333334,0.030833333333333334,96.48,0.030833333333333334,96.44916666666666
MK,2016,59.55,0.17772033282170696,,,96.21666666666665,0.021666666666666667,0.18500000000000003,0.1075,96.42333333333333,0.1075,96.31583333333333
MK,2017,62.42,3.475526167244558,,,95.15333333333332,0.33749999999999997,0.9233333333333333,0.105,96.41416666666667,0.105,96.30916666666667
MK,2018,64.86,1.5430174563591192,,,92.84416666666668,1.5233333333333334,2.0233333333333334,0.08750000000000001,96.39083333333333,0.08750000000000001,96.30333333333334
MK,2019,68.3,-0.19186492709132308,,,93.30333333333333,1.3008333333333333,1.16,0.06416666666666666,95.76416666666667,0.06416666666666666,95.7
MK,2020,69.77,3.098808150711263,,,94.09416666666665,1.8291666666666666,0.7050000000000001,0.057499999999999996,96.62833333333333,0.057499999999999996,96.57083333333333
MK,2021,73.54,4.870226730310256,,,96.75583333333333,0.8891666666666667,0.4558333333333333,0.04833333333333333,98.10083333333334,0.04833333333333333,98.0525
MK,2024,76.66,5.651262949598412,,,96.83166666666666,1.6766666666666667,0.26166666666666666,0.050833333333333335,98.77,0.050833333333333335,98.71916666666665
MT,2013,50.93,1.0036573955941153,6.058333333333334,,81.8,0.0,3.2191666666666667,0.3475,85.01916666666666,0.3475,84.67166666666667
MT,2014,53.12,0.395789473684216,5.75,,83.92916666666666,0.0,0.7941666666666668,0.11333333333333333,84.72333333333333,0.11333333333333333,84.61
MT,2015,60.08,1.2414024492534814,5.383333333333333,,90.31916666666666,0.0,0.0625,0.07833333333333334,90.38166666666666,0.07833333333333334,90.30333333333334
MT,2016,64.04,0.9610604805302403,4.741666666666667,,91.32249999999999,0.021666666666666667,0.08083333333333333,0.21333333333333335,91.425,0.21333333333333335,91.21166666666666
MT,2017,70.37,1.3376005251928502,4.0,,89.1925,0.21916666666666665,0.625,0.1925,90.03666666666668,0.1925,89.84416666666668
MT,2018,69.61,1.2470645396388313,3.9583333333333335,,85.44166666666666,0.5933333333333334,1.3175000000000001,0.23916666666666667,87.3525,0.23916666666666667,87.11333333333334
MT,2019,70.66,1.279692873710303,4.1,,68.33833333333332,2.4175,1.8308333333333333,0.30916666666666665,72.58666666666666,0.30916666666666665,72.2775
MT,2020,72.49,0.15794045644792476,4.858333333333333,,83.895,1.7074999999999998,1.1041666666666667,0.17833333333333334,86.70666666666666,0.17833333333333334,86.52833333333332
MT,2021,75.57,2.633446345501844,3.7416666666666667,,80.3775,1.8233333333333333,1.6483333333333334,0.4716666666666667,83.84916666666668,0.4716666666666667,83.3775
MT,2022,75.74,7.282784051624813,3.483333333333333,,77.60000000000001,5.701666666666667,1.5758333333333334,0.6925,84.8775,0.6925,84.185
MT,2023,75.75,3.7021124239169367,3.4916666666666667,,77.5025,7.8825,1.3724999999999998,0.6591666666666667,86.7575,0.6591666666666667,86.09833333333334
MT,2024,76.65,1.8436680016572504,3.1833333333333336,,81.97,5.823333333333333,0.9991666666666666,0.8883333333333333,88.7925,0.8883333333333333,87.90416666666668
NL,2013,55.04,1.4098073555166346,8.200000000000001,98.59266166666667,61.086666666666666,0.0,4.508333333333334,0.9025,65.595,0.9025,64.6925
NL,2014,58.6,-0.060443830411882615,8.341666666666667,100.54998333333333,83.08583333333333,0.0,0.6741666666666667,0.14666666666666667,83.76,0.14666666666666667,83.61333333333333
NL,2015,59.33,0.48384309659581515,7.908333333333334,100.91138333333333,76.7525,0.0,0.1175,0.26666666666666666,76.87,0.26666666666666666,76.60333333333334
NL,2016,61.83,0.756663800515911,7.008333333333333,100.84584166666667,77.12833333333334,0.2941666666666667,0.2558333333333333,0.445,77.67833333333334,0.445,77.23333333333333
NL,2017,66.56,1.211810889230236,5.891666666666667,101.610325,71.79083333333334,1.7091666666666665,1.6524999999999999,0.8558333333333333,75.15249999999999,0.8558333333333333,74.29666666666667
NL,2018,65.75,1.8381112984823034,4.875,101.26514166666668,60.47666666666667,4.3741666666666665,4.0975,1.3458333333333332,68.94833333333334,1.3458333333333332,67.6025
NL,2019,66.91,2.790197052492127,4.425,100.06606166666667,58.83833333333334,3.9608333333333334,2.6391666666666667,0.7658333333333333,65.43833333333333,0.7658333333333333,64.6725
NL,2020,71.23,0.9262988320579923,4.858333333333333,99.16926333333333,57.91416666666667,3.7449999999999997,2.325,0.5458333333333333,63.984166666666674,0.5458333333333333,63.43833333333333
NL,2021,73.3,6.400638467677577,4.241666666666666,100.57460166666668,68.37916666666666,3.1466666666666665,2.268333333333333,1.6166666666666665,73.79416666666667,1.6166666666666665,72.17750000000001
NL,2022,74.09,11.003600360036025,3.516666666666667,97.33385500000001,69.58333333333333,5.584166666666667,2.5458333333333334,1.695,77.71333333333332,1.695,76.01833333333333
NL,2023,76.62,0.9730387188323419,3.5500000000000003,98.47014083333333,69.8125,10.3575,1.805,0.7083333333333334,81.97500000000001,0.7083333333333334,81.26666666666667
NL,2024,80.06,3.9483370139864915,3.658333333333333,99.41163,68.3375,11.974166666666667,1.8399999999999999,1.0058333333333334,82.15166666666666,1.0058333333333334,81.14583333333333
NO,2013,67.58,1.8340611353711678,3.9416666666666664,,72.5725,0.0,3.6991666666666667,0.14916666666666667,76.27166666666666,0.14916666666666667,76.1225
NO,2014,70.67,1.9725557461406584,3.775,,76.94666666666667,0.0,0.7266666666666666,0.0725,77.67333333333333,0.0725,77.60083333333334
NO,2015,73.22,2.354920100925151,4.675,,83.09583333333333,0.0,0.07666666666666667,0.06083333333333333,83.1725,0.06083333333333333,83.11166666666666
NO,2016,76.16,3.7797863599013937,4.908333333333333,,84.50666666666667,0.1958333333333333,0.1125,0.11583333333333334,84.815,0.11583333333333334,84.69916666666667
NO,2017,82.58,1.5835312747426888,4.375,,79.42666666666666,1.2125000000000001,1.4366666666666668,0.22333333333333336,82.07583333333334,0.22333333333333336,81.8525
NO,2018,81.8,3.897116134060785,4.016666666666667,,69.585,2.5,3.5475,0.3175,75.63250000000001,0.3175,75.315
NO,2019,86.31,1.1252813203300738,3.875,,67.9575,4.048333333333333,2.4441666666666664,0.25166666666666665,74.45,0.25166666666666665,74.19833333333334
NO,2020,87.83,1.4094955489614147,4.75,,61.590833333333336,5.036666666666666,2.3533333333333335,0.17666666666666667,68.98083333333334,0.17666666666666667,68.80416666666666
NO,2021,88.28,6.144842721287502,4.458333333333333,,68.70666666666666,5.0375,2.4575,0.2783333333333333,76.20166666666667,0.2783333333333333,75.92333333333333
NO,2022,89.65,6.3404548587181475,3.2416666666666667,,67.69416666666667,7.8875,2.055,0.2508333333333333,77.63666666666667,0.2508333333333333,77.38583333333334
NO,2023,89.96,4.601425793907965,3.5833333333333335,,67.59583333333333,10.851666666666667,1.3925,0.20666666666666667,79.84,0.20666666666666667,79.63333333333334
NO,2024,90.95,1.7348203221809078,4.008333333333334,,68.64083333333333,7.7475,2.2816666666666667,0.2325,78.67,0.2325,78.4375
PL,2013,35.29,0.560448358686938,10.608333333333333,98.82000416666666,74.59416666666667,0.0,8.696666666666667,0.17666666666666667,83.29083333333334,0.17666666666666667,83.11416666666666
PL,2014,36.8,-0.6369426751592355,9.200000000000001,99.92105416666668,65.4825,0.0,3.784166666666667,0.12,69.26666666666667,0.12,69.14666666666666
PL,2015,41.4,-0.48076923076922906,7.658333333333334,100.48981666666667,78.9425,0.0,0.2808333333333333,0.09416666666666668,79.22333333333333,0.09416666666666668,79.12916666666666
PL,2016,44.2,0.9661835748792313,6.25,101.30785833333333,81.86583333333333,0.08666666666666667,0.8574999999999999,0.29833333333333334,82.81,0.29833333333333334,82.51166666666667
PL,2017,48.02,1.674641148325362,4.941666666666666,101.63248333333333,64.79333333333334,1.2,9.019166666666667,0.6558333333333334,75.0125,0.6558333333333334,74.35666666666667
PL,2018,49.87,0.9411764705882231,3.9,102.2445,55.74916666666667,2.5208333333333335,16.736666666666668,0.5333333333333333,75.00666666666667,0.5333333333333333,74.47333333333334
PL,2019,53.04,2.9526029526029562,3.25,102.39273333333334,63.604166666666664,2.3633333333333333,7.966666666666666,0.2225,73.93416666666667,0.2225,73.71166666666666
PL,2020,54.78,3.3207547169811447,3.1750000000000003,99.0801975,80.04333333333334,1.9833333333333334,2.9025,0.0775,84.92916666666667,0.0775,84.85166666666667
PL,2021,56.78,8.035062089116153,3.3666666666666667,99.99085000000001,77.23833333333333,1.7158333333333333,3.7741666666666664,0.18333333333333335,82.72833333333334,0.18333333333333335,82.545
PL,2022,60.61,15.415821501014193,2.875,98.35626416666666,81.77583333333332,3.6675,3.2566666666666664,0.15,88.69999999999999,0.15,88.55
PL,2023,62.29,6.1511423550087985,2.8249999999999997,99.97300083333334,84.08083333333333,5.655,2.3558333333333334,0.165,92.09166666666665,0.165,91.92666666666666
PL,2024,60.97,3.863134657836653,2.9,101.63414999999999,84.66583333333334,5.585833333333333,2.3241666666666667,0.30916666666666665,92.57583333333334,0.30916666666666665,92.26666666666667
PT,2013,43.68,0.17185083347655006,17.233333333333334,95.254095,85.76833333333333,0.0,3.579166666666667,0.17166666666666666,89.34750000000001,0.17166666666666666,89.17583333333334
PT,2014,46.76,-0.26591182020929693,14.641666666666666,98.23657916666667,85.47583333333334,0.0,0.8858333333333334,0.0675,86.36166666666666,0.0675,86.29416666666667
PT,2015,48.06,0.2838221381267658,12.983333333333334,100.01653666666668,87.04666666666667,0.0,0.14416666666666667,0.07166666666666667,87.19083333333333,0.07166666666666667,87.11916666666667
PT,2016,52.17,0.8833619210977695,11.458333333333334,100.49402500000001,86.1025,0.065,0.2725,0.7191666666666666,86.44,0.7191666666666666,85.72083333333335
PT,2017,56.13,1.6152342089603033,9.233333333333333,101.92575833333332,84.39416666666666,0.695,2.236666666666667,0.39916666666666667,87.32583333333334,0.39916666666666667,86.92666666666666
PT,2018,59.18,0.6358236426001973,7.166666666666667,101.96245,79.52416666666666,1.985,4.723333333333334,0.215,86.2325,0.215,86.0175
PT,2019,60.4,0.37409593482415904,6.633333333333333,101.34703333333334,76.365,5.7941666666666665,2.5733333333333333,0.22083333333333333,84.7325,0.22083333333333333,84.51166666666667
PT,2020,62.74,-0.29816133841311654,7.108333333333333,98.1708325,81.705,4.0216666666666665,1.5250000000000001,0.11499999999999999,87.25166666666667,0.11499999999999999,87.13666666666667
PT,2021,65.46,2.791161322478808,6.716666666666666,99.63736666666667,73.19,6.035,2.6625,0.3875,81.8875,0.3875,81.5
PT,2022,66.72,9.79473088734444,6.175,96.73019749999999,76.295,7.715,2.3675,0.2541666666666667,86.3775,0.2541666666666667,86.12333333333333
PT,2023,68.03,1.891653172383334,6.566666666666666,97.41222416666666,71.18666666666667,13.439166666666667,3.9025,0.2791666666666667,88.52833333333332,0.2791666666666667,88.24916666666667
PT,2024,70.47,3.10626309326012,6.458333333333333,99.54803083333333,68.12666666666667,14.0175,5.740833333333334,0.46166666666666667,87.885,0.46166666666666667,87.42333333333333
RO,2013,33.42,1.3198036874917163,8.975,,90.27,0.0,2.8000000000000003,0.13749999999999998,93.07,0.13749999999999998,92.9325
RO,2014,36.25,1.034234470118478,8.591666666666667,,85.47250000000001,0.0,1.2158333333333333,0.16083333333333333,86.68833333333333,0.16083333333333333,86.52749999999999
RO,2015,43.64,-0.6802721088435271,8.366666666666667,,87.93666666666667,0.0,0.125,0.06583333333333334,88.06166666666667,0.06583333333333334,87.99583333333334
RO,2016,44.29,-0.08480104370517383,7.175,,92.07416666666666,0.0375,0.9066666666666667,0.30333333333333334,93.01833333333333,0.30333333333333334,92.71499999999999
RO,2017,52.2,2.585362668929947,6.091666666666666,,91.72500000000001,0.4008333333333334,1.9591666666666665,0.16333333333333333,94.085,0.16333333333333333,93.92166666666667
RO,2018,60.77,3.0166104499459,5.25,,88.97083333333335,0.7616666666666667,3.9425000000000003,0.11750000000000001,93.675,0.11750000000000001,93.5575
RO,2019,60.18,4.052634830419466,4.8999999999999995,,91.54,1.2975,1.2891666666666668,0.05416666666666667,94.12666666666667,0.05416666666666667,94.07249999999999
RO,2020,64.85,1.8345900374042712,6.033333333333334,,93.09833333333334,1.6741666666666666,1.0408333333333333,0.04,95.81333333333333,0.04,95.77333333333333
RO,2021,68.55,6.681436567164156,5.6000000000000005,,95.66083333333334,0.6866666666666666,1.0883333333333334,0.0675,97.43583333333333,0.0675,97.36833333333334
RO,2022,69.01,14.132692097497014,5.591666666666666,,95.93166666666667,1.3033333333333335,0.9775,0.04583333333333334,98.21249999999999,0.04583333333333334,98.16666666666667
RO,2023,75.24,7.010151312009194,5.55,,94.46333333333332,2.2399999999999998,1.5075,0.04833333333333334,98.21083333333333,0.04833333333333334,98.16250000000001
RO,2024,74.89,5.454626812242713,5.466666666666666,,91.91000000000001,3.7358333333333333,1.8575,0.12583333333333332,97.50333333333333,0.12583333333333332,97.3775
RS,2015,49.32,,,,93.94833333333332,0.0,0.059166666666666666,0.0425,94.0075,0.0425,93.96499999999999
RS,2017,47.68,,,,89.11666666666667,1.8275,2.295,0.07916666666666666,93.23916666666666,0.07916666666666666,93.16000000000001
RS,2018,51.57,,,,84.3625,6.094166666666666,3.0325,0.05666666666666667,93.48916666666666,0.05666666666666667,93.4325
RS,2019,54.82,,,,88.3125,3.03,1.3808333333333334,0.05833333333333333,92.72333333333334,0.05833333333333333,92.665
RS,2020,57.47,,,,89.34666666666668,3.0775,1.1191666666666666,0.0525,93.54333333333334,0.0525,93.49083333333333
RS,2021,60.31,,,,91.16666666666667,2.279166666666667,1.105,0.1125,94.55083333333333,0.1125,94.43833333333333
RS,2022,68.38,,,,89.29583333333333,4.456666666666666,1.3558333333333332,0.12916666666666668,95.10833333333333,0.12916666666666668,94.97916666666667
RS,2023,70.24,,,,80.79833333333333,10.615,1.8783333333333332,0.14333333333333334,93.29166666666667,0.14333333333333334,93.14833333333333
RS,2024,71.39,,,,80.68916666666667,11.624166666666667,1.2241666666666666,0.605,93.53750000000001,0.605,92.9325
SE,2013,56.72,0.3598385114972791,8.125,100.62153333333333,74.78833333333334,0.0,3.7425,0.18666666666666668,78.53083333333333,0.18666666666666668,78.34416666666667
SE,2014,65.18,0.2798425885439437,8.041666666666666,100.63616416666667,82.46249999999999,0.0,0.6224999999999999,0.06083333333333333,83.085,0.06083333333333333,83.02416666666666
SE,2015,62.48,0.7412575215836714,7.508333333333333,100.02385,81.40333333333334,0.0,0.09333333333333334,0.07416666666666667,81.49666666666667,0.07416666666666667,81.4225
SE,2016,70.15,1.7226454293628901,7.058333333333334,100.14584916666666,82.71333333333332,0.38916666666666666,0.26999999999999996,0.14416666666666667,83.37249999999999,0.14416666666666667,83.22833333333332
SE,2017,70.75,1.7360224661730816,6.8,100.60452500000001,80.85416666666667,2.705,1.6450000000000002,0.30083333333333334,85.20416666666667,0.30083333333333334,84.90333333333334
SE,2018,70.36,2.1497281472187435,6.458333333333333,100.23694166666667,67.39083333333333,6.642500000000001,5.040833333333333,0.5108333333333334,79.07416666666667,0.5108333333333334,78.56333333333333
SE,2019,72.22,1.744186046511631,6.916666666666667,99.59608333333334,68.03416666666666,7.204999999999999,3.4791666666666665,0.355,78.71833333333333,0.355,78.36333333333333
SE,2020,72.9,0.6036217303822866,8.525,99.80437166666667,78.93416666666667,4.655,1.7850000000000001,0.15666666666666668,85.37416666666667,0.15666666666666668,85.2175
SE,2021,71.51,4.520000000000013,8.883333333333333,101.74594166666667,81.9775,5.0808333333333335,1.97,0.26416666666666666,89.02833333333332,0.26416666666666666,88.76416666666667
SE,2022,71.08,10.838117106773826,7.483333333333333,96.13096416666667,69.25166666666667,12.1975,4.341666666666667,0.37333333333333335,85.79083333333334,0.37333333333333335,85.4175
SE,2023,73.43,1.857606518886823,7.675,95.84648916666667,69.00666666666667,15.738333333333335,1.7608333333333333,0.38999999999999996,86.50583333333333,0.38999999999999996,86.11583333333333
SE,2024,73.13,1.6271186440677932,8.358333333333333,99.83624166666665,81.06583333333333,10.375,1.4775,0.3441666666666667,92.91833333333334,0.3441666666666667,92.57416666666667
SI,2013,38.28,0.9060484858378848,10.116666666666667,96.1717325,79.84416666666667,0.0,3.4591666666666665,0.16166666666666665,83.30333333333333,0.16166666666666665,83.14166666666667
SI,2014,41.82,-0.0889823653130506,9.708333333333334,98.98133666666666,81.04583333333333,0.0,0.8958333333333334,0.1025,81.94166666666666,0.1025,81.83916666666667
SI,2015,37.37,-0.5991417698971824,8.983333333333333,101.30089166666666,86.13,0.0,0.09166666666666667,0.06333333333333334,86.22166666666668,0.06333333333333334,86.15833333333335
SI,2016,38.31,0.6190437403274407,7.983333333333333,101.2672,85.70416666666667,0.07166666666666667,0.19666666666666666,0.18416666666666667,85.97250000000001,0.18416666666666667,85.78833333333334
SI,2017,45.16,1.9185622925605106,6.541666666666667,103.34150833333332,82.22916666666667,1.135,1.5908333333333333,0.16083333333333333,84.955,0.16083333333333333,84.79416666666667
SI,2018,48.81,1.44559173947576,5.091666666666667,103.86925000000001,78.13416666666667,2.315,2.785833333333333,0.1425,83.235,0.1425,83.09249999999999
SI,2019,52.09,1.9495772001252742,4.441666666666666,103.08211666666666,82.81916666666667,2.1808333333333336,1.1983333333333335,0.09166666666666667,86.19833333333332,0.09166666666666667,86.10666666666667
SI,2020,67.07,-1.159665156286016,5.0,98.79896666666667,84.65416666666667,2.6149999999999998,1.09,0.05416666666666667,88.35916666666667,0.05416666666666667,88.305
SI,2021,63.61,5.120435120435118,4.733333333333333,99.72039416666667,84.4975,1.6708333333333334,1.2941666666666667,0.13333333333333333,87.46249999999999,0.13333333333333333,87.32916666666667
SI,2022,63.04,10.75467514228694,4.016666666666667,96.91711916666667,79.75083333333333,4.009166666666666,1.4883333333333333,0.14916666666666667,85.24833333333333,0.14916666666666667,85.09916666666666
SI,2023,63.46,3.817405232247739,3.6666666666666665,97.03690166666667,78.75166666666667,6.1241666666666665,1.4683333333333335,0.15166666666666667,86.34416666666668,0.15166666666666667,86.1925
SI,2024,64.56,2.0056569812291203,3.6916666666666664,98.49365583333334,77.505,6.978333333333334,2.8975000000000004,0.31666666666666665,87.38083333333333,0.31666666666666665,87.06416666666667
SK,2013,48.6,0.38505652957561143,14.166666666666666,99.02558499999999,87.60166666666667,0.0,4.774166666666667,0.10666666666666667,92.37583333333333,0.10666666666666667,92.26916666666666
SK,2014,50.37,-0.13058026605728967,13.1,101.15614166666667,83.8475,0.0,1.2608333333333335,0.09583333333333333,85.10833333333333,0.09583333333333333,85.0125
SK,2015,53.64,-0.4576285037182326,11.475,101.94405,87.98166666666667,0.0,0.10833333333333334,0.08583333333333333,88.08999999999999,0.08583333333333333,88.00416666666666
SK,2016,56.99,0.2216566784336127,9.65,102.43078333333334,85.33749999999999,0.06416666666666666,0.20833333333333334,0.13583333333333333,85.61,0.13583333333333333,85.47416666666668
SK,2017,58.74,1.9659239842726217,8.058333333333334,102.585075,73.13166666666666,2.7633333333333336,3.9066666666666667,0.2025,79.80166666666666,0.2025,79.59916666666668
SK,2018,59.84,1.8637532133676027,6.508333333333333,102.54751666666665,68.90166666666667,3.595,6.718333333333334,0.20916666666666664,79.215,0.20916666666666664,79.00583333333333
SK,2019,59.24,3.162460567823344,5.708333333333333,102.54906666666666,70.42,3.0375,2.5383333333333336,0.14916666666666667,75.99583333333334,0.14916666666666667,75.84666666666668
SK,2020,64.49,1.651249904441543,6.641666666666667,99.71172250000001,75.29166666666667,3.81,2.0933333333333333,0.10583333333333333,81.19500000000001,0.10583333333333333,81.08916666666667
SK,2021,64.58,5.06881251410094,6.825,99.89432333333333,80.93583333333333,1.9116666666666668,2.2558333333333334,0.18083333333333332,85.10333333333334,0.18083333333333332,84.9225
SK,2022,57.68,15.023978240641323,6.191666666666666,98.05964583333333,81.7075,4.346666666666667,1.7333333333333334,0.23666666666666666,87.78749999999998,0.23666666666666666,87.55083333333333
SK,2023,56.99,6.58991910392035,5.825,99.34957583333333,82.8925,5.820833333333333,1.5383333333333333,0.46249999999999997,90.25166666666667,0.46249999999999997,89.78916666666667
SK,2024,57.3,3.228442991418068,5.358333333333333,100.84280916666667,79.665,7.935,4.119166666666667,0.6708333333333334,91.71916666666668,0.6708333333333334,91.04833333333333
TR,2013,31.58,7.438930032054825,9.049999999999999,101.86349166666668,77.47500000000001,0.0,4.5183333333333335,0.07166666666666667,81.99333333333334,0.07166666666666667,81.92166666666667
TR,2014,38.19,8.209876543209882,9.891666666666667,101.622325,73.74166666666666,0.0,5.634166666666666,0.05916666666666667,79.37583333333333,0.05916666666666667,79.31666666666666
TR,2015,41.47,8.775432591747467,10.316666666666666,100.15742333333333,65.1575,0.0,0.1625,0.17666666666666667,65.32000000000001,0.17666666666666667,65.14333333333333
TR,2016,48.06,8.521982344200673,10.883333333333333,101.27903333333335,72.37833333333333,0.15083333333333335,0.20833333333333334,0.11333333333333334,72.7375,0.11333333333333334,72.62416666666667
TR,2017,54.14,11.916076030927858,10.933333333333332,100.98883333333333,59.54916666666667,2.52,5.958333333333333,0.21750000000000003,68.0275,0.21750000000000003,67.81
TR,2018,59.76,20.308733043071502,10.941666666666668,100.0105975,46.18083333333333,14.966666666666667,15.301666666666668,0.2608333333333333,76.44916666666667,0.2608333333333333,76.18833333333333
TR,2019,60.18,11.837894422012862,13.733333333333334,97.58391916666666,53.88166666666667,5.826666666666667,9.936666666666666,0.3133333333333333,69.645,0.3133333333333333,69.33166666666666
TR,2020,62.31,14.59898911560986,13.141666666666666,97.99471583333333,52.24,14.245,6.556666666666666,0.17833333333333334,73.04166666666667,0.17833333333333334,72.86333333333333
TR,2021,60.08,36.084663492952494,12.016666666666666,97.37833666666667,45.39666666666667,23.616666666666664,10.401666666666667,0.37083333333333335,79.415,0.37083333333333335,79.04416666666667
TR,2022,70.85,64.25105033010377,10.475,94.9691325,51.32583333333333,17.615833333333335,9.835833333333333,0.9016666666666667,78.7775,0.9016666666666667,77.87583333333333
TR,2023,74.58,64.90400175396469,9.366666666666667,97.47883916666666,40.740833333333335,29.251666666666665,9.4,0.8316666666666667,79.3925,0.8316666666666667,78.56083333333333
TR,2024,76.42,44.40645773979108,8.708333333333334,97.401725,37.58583333333333,31.397499999999997,15.086666666666668,0.9049999999999999,84.07000000000001,0.9049999999999999,83.165
UK,2013,58.12,2.0000000000000018,7.558333333333334,98.78000583333333,,,,,0.0,0.0,0.0
UK,2014,59.82,0.5490196078431264,6.141666666666667,101.50811666666668,,,,,0.0,0.0,0.0
UK,2015,65.66,0.23400936037443199,5.333333333333333,102.37015833333334,,,,,0.0,0.0,0.0
UK,2016,68.75,1.5564202334630295,4.825,101.60101666666667,,,,,0.0,0.0,0.0
UK,2017,71.22,2.911877394636031,4.341666666666667,100.72897499999999,,,,,0.0,0.0,0.0
UK,2018,69.75,2.159344750558434,4.016666666666667,100.81560833333333,,,,,0.0,0.0,0.0
UK,2019,73.13,1.2390670553936056,3.7416666666666667,100.08399916666667,,,,,0.0,0.0,0.0
UK,2020,75.71,,4.155555555555555,98.33635916666667,,,,,0.0,0.0,0.0
XK,2017,56.5,,,,0.0,0.0,0.0,0.0,0.0,0.0,0.0
XK,2018,63.27,,,,0.0,0.0,0.0,0.0,0.0,0.0,0.0
XK,2019,67.9,,,,0.0,0.0,0.0,0.0,0.0,0.0,0.0
XK,2020,82.97,,,,0.0,0.0,0.0,0.0,0.0,0.0,0.0
