geo,year,sm_participation,inflation,unemployment,cci,Facebook,Instagram,YouTube,LinkedIn,ent_share,prof_share,ent_minus_prof,d_sm,stress
AL,2018,48.33,,,,79.24083333333333,3.0941666666666667,7.065,0.2983333333333333,89.39999999999999,0.2983333333333333,89.10166666666667,,
AL,2019,52.13,,,,69.00333333333333,5.556666666666666,4.623333333333334,0.2758333333333333,79.18333333333334,0.2758333333333333,78.9075,3.8000000000000043,
AL,2020,54.8,,,,75.62,6.1433333333333335,3.115,0.1575,84.87833333333333,0.1575,84.72083333333333,2.6699999999999946,
AL,2021,60.77,,,,91.66083333333334,1.36,1.0358333333333334,0.1158333333333333,94.05666666666669,0.1158333333333333,93.94083333333332,5.970000000000006,
AL,2022,64.07,,,,93.21833333333332,1.83,1.0875,0.1399999999999999,96.13583333333334,0.1399999999999999,95.99583333333334,3.29999999999999,
AL,2023,66.27,,,,92.63333333333333,4.28,0.4983333333333333,0.0658333333333333,97.41166666666668,0.0658333333333333,97.34583333333332,2.200000000000003,
AL,2024,68.95,,,,92.47583333333334,4.2725,0.3525,0.115,97.10083333333334,0.115,96.98583333333332,2.680000000000007,
AT,2013,37.45,1.9822109275730693,5.708333333333333,99.5975975,78.09916666666666,0.0,4.810833333333334,0.1316666666666666,82.91,0.1316666666666666,82.77833333333332,,-0.4571316193725815
AT,2014,44.24,0.8057147603621528,6.05,99.52417083333334,83.27,0.0,0.965,0.0383333333333333,84.235,0.0383333333333333,84.19666666666667,6.789999999999999,-0.5031334438522537
AT,2015,45.33,1.07119314436388,6.158333333333334,99.70536166666666,83.95083333333334,0.0,0.1491666666666666,0.0416666666666666,84.1,0.0416666666666666,84.05833333333332,1.0899999999999963,-0.5348384529603555
AT,2016,49.02,1.5816076960704306,6.466666666666666,100.19476083333332,84.63916666666667,0.2283333333333333,0.22,0.0783333333333333,85.08749999999999,0.0783333333333333,85.00916666666667,3.690000000000005,-0.6454576777380986
AT,2017,51.19,2.3354735152488093,5.949999999999999,101.10465833333336,80.82333333333334,1.1908333333333334,1.9666666666666668,0.1325,83.98083333333334,0.1325,83.84833333333334,2.1699999999999946,-1.1302842701675662
AT,2018,53.17,1.709669829817262,5.2250000000000005,101.39498333333334,70.05499999999999,2.385,4.820833333333334,0.1783333333333333,77.26083333333334,0.1783333333333333,77.0825,1.980000000000004,-1.5345522178520306
AT,2019,55.55,1.8351453465957237,4.825,100.90170833333332,74.38833333333334,2.5625,2.841666666666667,0.1325,79.7925,0.1325,79.66000000000001,2.3799999999999955,-1.355066161381144
AT,2020,59.54,1.014613462557734,6.1000000000000005,99.58611,75.07166666666667,2.73,2.5575,0.1041666666666666,80.35916666666667,0.1041666666666666,80.25500000000001,3.990000000000002,-0.49460847516837075
AT,2021,57.11,3.785323439022581,6.166666666666667,100.48819916666667,71.2325,2.704166666666667,3.5141666666666667,0.2858333333333333,77.45083333333334,0.2858333333333333,77.165,-2.4299999999999997,-0.561121208357773
AT,2022,61.47,10.537339303770054,4.733333333333333,97.07897,71.65916666666666,8.304166666666667,3.681666666666666,0.2716666666666666,83.645,0.2716666666666666,83.37333333333333,4.359999999999999,1.8024006251730873
AT,2023,63.42,5.65174779483828,5.125,97.38709083333332,64.6075,16.163333333333334,3.639166666666666,0.375,84.41,0.375,84.035,1.9500000000000028,1.0572839960592924
AT,2024,64.74,2.133580705009286,5.175,98.65249416666668,62.96666666666667,16.399166666666666,3.68,0.5141666666666667,83.04583333333333,0.5141666666666667,82.53166666666667,1.3199999999999932,-0.07165777439882648
BA,2018,46.09,,,,95.77583333333332,2.02,0.7975,,98.59333333333332,0.0,98.59333333333332,,
BA,2019,45.84,,,,98.90583333333332,0.3641666666666667,0.14,,99.41,0.0,99.41,-0.25,
BA,2020,50.04,,,,99.03583333333334,0.2941666666666666,0.0983333333333333,,99.42833333333331,0.0,99.42833333333331,4.199999999999996,
BA,2021,49.65,,17.233333333333334,,97.00083333333332,0.7141666666666667,0.4916666666666667,,98.20666666666666,0.0,98.20666666666666,-0.39000000000000057,
BA,2023,57.74,,13.425,,82.97916666666667,8.049166666666666,1.9116666666666668,,92.94,0.0,92.94,8.090000000000003,
BA,2024,65.46,,12.725,,83.36749999999999,7.9625,1.4116666666666668,,92.74166666666667,0.0,92.74166666666667,7.719999999999992,
BE,2013,46.64,1.166107382550341,8.558333333333334,100.27289666666668,77.47416666666666,0.0,4.1475,0.3566666666666667,81.62166666666667,0.3566666666666667,81.265,,-0.259461487208851
BE,2014,52.43,-0.3897503938966706,8.658333333333333,100.7918525,86.58583333333333,0.0,0.7975,0.0858333333333333,87.38333333333333,0.0858333333333333,87.2975,5.789999999999999,-0.7197162296978298
BE,2015,66.72,1.4485514485514497,8.666666666666666,100.54776666666667,82.06583333333333,0.0,0.1258333333333333,0.0883333333333333,82.19166666666666,0.0883333333333333,82.10333333333334,14.29,-0.3371765003509939
BE,2016,69.31,2.19924503528639,7.841666666666666,100.34535833333332,80.44,0.1291666666666666,0.1658333333333333,0.1666666666666666,80.735,0.1666666666666666,80.56833333333334,2.5900000000000034,-0.31956823322472494
BE,2017,72.02,2.0555644772763726,7.1000000000000005,101.16244166666668,74.80499999999999,1.038333333333333,1.67,0.2575,77.51333333333334,0.2575,77.25583333333333,2.7099999999999937,-0.9328441343602836
BE,2018,72.6,2.202989771833219,5.983333333333333,100.81191666666666,64.66083333333333,2.138333333333333,4.113333333333333,0.3266666666666666,70.91250000000001,0.3266666666666666,70.58583333333333,0.5799999999999983,-0.9898009160638577
BE,2019,75.53,0.9160892994611204,5.358333333333333,99.93882,63.385,2.739166666666667,2.5433333333333334,0.2616666666666666,68.6675,0.2616666666666666,68.40583333333333,2.930000000000007,-0.8619077569175898
BE,2020,78.9,0.3585323060492751,5.558333333333334,99.6375975,61.00083333333333,3.355,2.1591666666666667,0.19,66.515,0.19,66.325,3.3700000000000045,-0.7373636144791038
BE,2021,62.78,6.590148981453314,6.2749999999999995,101.29980833333332,63.9,3.4791666666666665,2.5191666666666666,0.5166666666666667,69.89833333333333,0.5166666666666667,69.38166666666667,-16.120000000000005,-0.566561557020042
BE,2022,67.84,10.211794908364835,5.55,98.19837916666668,70.96916666666667,6.196666666666666,1.9325,0.3875,79.09833333333334,0.3875,78.71083333333333,5.060000000000002,1.368367231812253
BE,2023,68.48,0.5370430281462113,5.5249999999999995,99.52681416666668,69.2625,10.08,2.018333333333333,0.5633333333333334,81.36083333333333,0.5633333333333334,80.7975,0.6400000000000006,-0.6631613671155617
BE,2024,72.26,4.408546788518475,5.708333333333333,99.9762,64.74,11.726666666666668,3.4275,0.8658333333333333,79.89416666666666,0.8658333333333333,79.02833333333332,3.780000000000001,-0.31652491424690904
BG,2013,37.3,-0.8557540905045569,13.925,,90.99166666666667,0.0,2.1366666666666667,0.1125,93.12833333333332,0.1125,93.01583333333332,,
BG,2014,39.57,-1.954149979284614,12.391666666666666,,90.22166666666668,0.0,1.7366666666666666,0.0558333333333333,91.95833333333331,0.0558333333333333,91.9025,2.270000000000003,
BG,2015,42.15,-0.8944291851538888,10.125,,93.6425,0.0,0.0825,0.055,93.725,0.055,93.67,2.5799999999999983,
BG,2016,45.03,-0.4974417282546772,8.566666666666666,,94.40583333333332,0.0174999999999999,0.3416666666666666,0.1508333333333333,94.765,0.1508333333333333,94.61416666666666,2.8800000000000026,
BG,2017,49.95,1.7926010569918605,7.1499999999999995,,97.03666666666668,0.1266666666666666,0.4866666666666666,0.0699999999999999,97.65,0.0699999999999999,97.58,4.920000000000002,
BG,2018,51.36,2.315302041675449,6.183333333333334,,94.88083333333331,0.4075,1.721666666666667,0.0575,97.01,0.0575,96.9525,1.4099999999999966,
BG,2019,52.85,3.099499417129526,5.183333333333334,,94.86083333333332,0.505,1.0483333333333331,0.0525,96.41416666666667,0.0525,96.36166666666666,1.490000000000002,
BG,2020,54.74,0.0133022946458227,6.041666666666667,,95.86666666666666,0.765,0.745,0.0291666666666666,97.37666666666668,0.0291666666666666,97.3475,1.8900000000000006,
BG,2021,60.05,6.590410321207685,5.175,,97.23416666666668,0.7575,0.5175,0.0333333333333333,98.50916666666666,0.0333333333333333,98.47583333333334,5.309999999999995,
BG,2022,63.42,14.324931370102334,4.158333333333333,,97.96583333333332,0.7575,0.4066666666666667,0.0308333333333333,99.13,0.0308333333333333,99.09916666666668,3.3700000000000045,
BG,2023,64.2,4.987993887797426,4.316666666666666,,97.42666666666666,1.0775,0.7141666666666667,0.0216666666666666,99.21833333333332,0.0216666666666666,99.19666666666666,0.7800000000000011,
BG,2024,64.99,2.0844162594864324,4.166666666666667,,97.765,0.6633333333333333,1.1525,0.0375,99.58083333333332,0.0375,99.54333333333334,0.789999999999992,
CH,2014,42.86,-0.0965250965250907,4.833333333333333,100.95031666666668,80.33166666666666,0.0,1.0266666666666666,0.1425,81.35833333333333,0.1425,81.21583333333334,,-1.645771091863781
CH,2017,52.72,1.098469988230688,4.783333333333333,100.65261666666667,73.18083333333333,1.3166666666666669,1.4875,0.4058333333333333,75.985,0.4058333333333333,75.57916666666667,9.86,-1.338148017230963
CH,2019,53.26,-0.0673724735322456,4.383333333333334,99.73805416666666,63.0225,3.4499999999999997,2.57,0.5658333333333333,69.0425,0.5658333333333333,68.47666666666667,0.5399999999999991,-1.1200315042460705
CH,2021,67.1,1.3225712340756646,4.991666666666666,100.59095666666668,59.86833333333333,3.814166666666667,2.8541666666666665,1.1,66.53666666666666,1.1,65.43666666666667,13.839999999999996,-1.2270838193278393
CH,2023,69.11,2.0553064275037336,4.041666666666667,96.73761666666668,64.44833333333334,12.421666666666669,1.9933333333333332,0.7183333333333333,78.86333333333333,0.7183333333333333,78.145,2.010000000000005,0.6438321367974966
CY,2013,44.33,-1.254915084079311,15.908333333333331,,88.50166666666667,0.0,2.3583333333333334,0.1983333333333333,90.86,0.1983333333333333,90.66166666666668,,
CY,2014,50.1,-0.9573837160044008,16.150000000000002,,91.8,0.0,0.5499999999999999,0.0608333333333333,92.35,0.0608333333333333,92.28916666666667,5.770000000000003,
CY,2015,54.04,-0.5645851154833292,14.925,,93.44916666666668,0.0,0.045,0.0366666666666666,93.49416666666669,0.0366666666666666,93.4575,3.9399999999999977,
CY,2016,59.97,0.0688231245698611,13.0,,93.20833333333331,0.0175,0.1516666666666666,0.0891666666666666,93.3775,0.0891666666666666,93.28833333333334,5.93,
CY,2017,63.04,-0.4212517193947662,11.108333333333334,,89.33166666666666,0.3933333333333333,1.0991666666666666,0.12,90.82416666666668,0.12,90.70416666666668,3.0700000000000003,
CY,2018,68.96,1.0101010101010166,8.4,,91.985,0.6983333333333333,1.0791666666666666,0.0825,93.7625,0.0825,93.68,5.919999999999995,
CY,2019,71.72,0.7179487179487243,7.1499999999999995,,87.07583333333334,1.6475,0.8716666666666667,0.1791666666666666,89.59499999999998,0.1791666666666666,89.41583333333334,2.760000000000005,
CY,2020,78.18,-0.7807196198234889,7.591666666666666,,87.15249999999999,2.005,1.0016666666666667,0.6583333333333333,90.15916666666664,0.6583333333333333,89.50083333333333,6.460000000000008,
CY,2021,78.62,4.832364009579182,7.183333333333334,,87.45166666666667,1.8591666666666664,1.2866666666666666,0.8108333333333334,90.5975,0.8108333333333334,89.78666666666668,0.4399999999999977,
CY,2022,77.91,7.587501019825416,6.2749999999999995,,77.23833333333333,7.390833333333333,3.4683333333333337,0.8691666666666666,88.09750000000001,0.8691666666666666,87.22833333333334,-0.710000000000008,
CY,2023,82.56,1.9261393796921045,5.841666666666666,,66.89416666666666,13.589166666666666,4.611666666666667,0.7241666666666666,85.095,0.7241666666666666,84.37083333333334,4.650000000000006,
CY,2024,86.81,3.117327579793172,4.8999999999999995,,69.20166666666667,13.551666666666668,3.9258333333333337,0.665,86.67916666666667,0.665,86.01416666666667,4.25,
CZ,2013,36.3,1.4962593516209433,6.9750000000000005,98.64902083333334,79.625,0.0,6.870833333333334,0.1775,86.49583333333334,0.1775,86.31833333333333,,0.2582714718059626
CZ,2014,39.98,0.0819000819000992,6.116666666666667,101.0322775,78.41166666666666,0.0,1.71,0.12,80.12166666666667,0.12,80.00166666666667,3.6799999999999997,-1.3664870378044007
CZ,2015,40.64,-0.0818330605564687,5.066666666666666,102.16753333333334,77.6175,0.0,0.4108333333333333,0.1433333333333333,78.02833333333334,0.1433333333333333,77.885,0.6600000000000037,-2.218118581256457
CZ,2016,45.05,2.0475020475020367,3.9583333333333335,102.6197,69.32833333333333,0.0408333333333333,2.6591666666666667,0.8858333333333334,72.02833333333334,0.8858333333333334,71.1425,4.409999999999997,-2.4130212195911733
CZ,2017,48.35,2.2471910112359605,2.891666666666667,103.019775,61.00333333333333,1.6916666666666669,5.45,1.8533333333333335,68.145,1.8533333333333335,66.29166666666667,3.3000000000000043,-2.8386530611385488
CZ,2018,55.57,1.569858712715866,2.25,103.5363,54.76833333333334,3.015833333333333,9.35,1.4108333333333334,67.13416666666667,1.4108333333333334,65.72333333333334,7.219999999999999,-3.347550447349726
CZ,2019,58.95,3.16846986089645,2.025,102.8564,45.55416666666667,3.674166666666667,6.4125000000000005,0.5125000000000001,55.64083333333334,0.5125000000000001,55.12833333333333,3.3800000000000026,-2.827207557526678
CZ,2020,58.97,2.397003745318349,2.558333333333333,100.56209166666667,45.182500000000005,5.16,5.395833333333333,0.2475,55.73833333333334,0.2475,55.490833333333335,0.01999999999999602,-1.6262917992897368
CZ,2021,61.5,5.4864667154352675,2.8083333333333336,100.3986375,53.865833333333335,4.176666666666667,5.416666666666667,0.4583333333333333,63.45916666666667,0.4583333333333333,63.00083333333333,2.530000000000001,-1.05618193517187
CZ,2022,64.13,16.712898751733718,2.3833333333333333,96.75221,57.767500000000005,8.57,4.4325,0.3491666666666667,70.77,0.3491666666666667,70.42083333333333,2.6299999999999955,2.282767462176242
CZ,2023,68.13,7.605466428995822,2.6166666666666667,98.30641333333334,70.82916666666667,9.021666666666668,2.4466666666666668,0.3,82.2975,0.3,81.9975,4.0,0.2730277786551759
CZ,2024,70.24,3.2026504693539515,2.7583333333333333,99.8744725,61.19083333333333,13.027500000000002,6.889166666666667,0.6466666666666666,81.1075,0.6466666666666666,80.46083333333333,2.1099999999999994,-1.1134728699207894
DE,2013,42.09,1.2195121951219523,4.933333333333334,100.83949166666667,78.02333333333333,0.0,4.804166666666666,0.1141666666666666,82.8275,0.1141666666666666,82.71333333333332,,-1.3831529805170775
DE,2014,42.33,0.0860585197934638,4.716666666666667,101.41875,77.23583333333333,0.0,1.3283333333333334,0.0574999999999999,78.56416666666667,0.0574999999999999,78.50666666666666,0.23999999999999488,-1.8892905021623172
DE,2015,56.96,0.2579535683576939,4.3500000000000005,101.41788333333334,74.99833333333333,0.0,0.2116666666666666,0.255,75.21,0.255,74.955,14.630000000000003,-1.949858852378855
DE,2016,50.33,1.543739279588352,3.908333333333333,101.28175,75.345,0.1791666666666667,0.5141666666666667,0.2283333333333333,76.03833333333334,0.2283333333333333,75.81,-6.630000000000003,-1.8036732416897112
DE,2017,50.59,1.520270270270263,3.516666666666667,101.76735,69.2025,2.7708333333333335,3.0908333333333338,0.2299999999999999,75.06416666666667,0.2299999999999999,74.83416666666666,0.2600000000000051,-2.1482108502299697
DE,2018,52.7,1.580698835274541,3.1916666666666664,101.75115833333332,62.12083333333334,3.161666666666666,6.480833333333333,0.255,71.76333333333334,0.255,71.50833333333334,2.1099999999999994,-2.206667279977095
DE,2019,52.5,1.5561015561015523,2.9499999999999997,101.22150833333336,63.39666666666667,3.2925000000000004,4.665,0.2808333333333333,71.35416666666667,0.2808333333333333,71.07333333333334,-0.20000000000000284,-1.9925604519937081
DE,2020,54.3,-0.5645161290322553,3.65,99.7652225,63.656666666666666,3.591666666666667,3.978333333333333,0.2433333333333333,71.22666666666667,0.2433333333333333,70.98333333333333,1.7999999999999972,-1.3725588562331448
DE,2021,46.6,5.596107055961075,3.608333333333333,100.63240083333334,67.16583333333334,4.034166666666667,4.0408333333333335,0.5866666666666667,75.24083333333334,0.5866666666666667,74.65416666666667,-7.699999999999996,-0.9766021743765236
DE,2022,47.73,9.60061443932412,3.1333333333333333,97.75575083333332,70.91833333333334,8.5275,3.1333333333333333,0.5966666666666667,82.57916666666667,0.5966666666666667,81.9825,1.1299999999999955,0.9531505850179071
DE,2023,48.61,3.784162578836714,3.0583333333333336,98.63357583333334,59.37083333333334,18.415,4.11,1.7225,81.89583333333333,1.7225,80.17333333333333,0.8800000000000026,-0.32294612204881923
DE,2024,58.02,2.8359216745442284,3.375,99.44859666666667,57.79333333333333,19.413333333333338,3.9825,1.3841666666666663,81.18916666666667,1.3841666666666663,79.80499999999999,9.410000000000004,-0.8017588224175674
DK,2013,63.6,0.5150214592274605,7.366666666666667,100.73371666666668,75.03916666666667,0.0,4.113333333333333,0.33,79.1525,0.33,78.8225,,-0.8632025131772245
DK,2014,66.49,0.0,6.916666666666667,101.41391666666668,83.73,0.0,0.6066666666666667,0.0991666666666666,84.33666666666666,0.0991666666666666,84.2375,2.8899999999999935,-1.38977356562226
DK,2015,64.86,0.3415883859948732,6.266666666666667,101.52268333333336,83.05333333333333,0.0,0.075,0.0775,83.12833333333333,0.0775,83.05083333333333,-1.6299999999999955,-1.5489802963429045
DK,2016,74.37,0.2553191489361728,5.983333333333333,100.649825,85.2625,0.1341666666666666,0.1225,0.1674999999999999,85.51916666666666,0.1674999999999999,85.35166666666667,9.510000000000005,-1.1758805299991073
DK,2017,75.5,0.8488964346349714,5.825,101.27886666666666,77.41083333333333,1.3166666666666669,2.035833333333333,1.1033333333333333,80.76333333333334,1.1033333333333333,79.66,1.1299999999999955,-1.4550260976574667
DK,2018,78.64,0.6734006734006703,5.125,101.25619166666668,68.075,2.9575,4.708333333333333,1.6166666666666665,75.74083333333333,1.6166666666666665,74.12416666666667,3.1400000000000006,-1.62956290984549
DK,2019,80.76,0.8361204013378032,5.0,100.83341666666666,72.67333333333333,3.4308333333333336,2.3283333333333336,0.4175,78.43249999999999,0.4175,78.015,2.1200000000000045,-1.4176948807109335
DK,2020,85.01,0.3316749585406287,5.625,100.21587666666666,66.02333333333333,3.7258333333333336,2.6483333333333334,0.4225,72.3975,0.4225,71.97500000000001,4.25,-1.0241846727302466
DK,2021,85.42,3.388429752066102,5.083333333333333,101.11905833333331,58.155,3.7875,3.3608333333333333,0.7758333333333334,65.30333333333333,0.7758333333333334,64.5275,0.4099999999999966,-1.1923735955622838
DK,2022,84.73,9.592326139088737,4.45,97.2954175,51.65416666666667,7.322500000000001,2.48,0.6,61.45666666666667,0.6,60.85666666666666,-0.6899999999999977,1.4942329927250562
DK,2023,91.02,0.4376367614879584,5.133333333333334,98.51695833333332,66.97416666666668,11.286666666666669,1.9116666666666668,0.6666666666666666,80.1725,0.6666666666666666,79.50583333333333,6.289999999999992,-0.24622069114594825
DK,2024,90.02,1.8155410312272968,6.191666666666666,99.10649416666666,77.3175,7.392499999999999,1.5766666666666664,0.6008333333333333,86.28666666666668,0.6008333333333333,85.68583333333333,-1.0,-0.11488173322316286
EE,2013,48.82,2.0473676701384003,8.5,100.58093416666668,71.18416666666667,0.0,6.335833333333333,0.1516666666666666,77.52,0.1516666666666666,77.36833333333333,,-0.30991752134809125
EE,2014,50.64,0.0559245019223997,7.308333333333334,101.73536666666666,73.10833333333333,0.0,1.1316666666666666,0.0699999999999999,74.24,0.0699999999999999,74.17,1.8200000000000003,-1.4573623812015755
EE,2015,55.83,-0.1676797317124334,6.383333333333333,101.79181666666666,79.95916666666666,0.0,0.1233333333333333,0.0725,80.0825,0.0725,80.01,5.189999999999998,-1.7314596123736794
EE,2016,57.45,2.351459164392189,6.841666666666666,101.82845833333332,76.8,0.1975,1.0858333333333332,0.3758333333333333,78.08333333333333,0.3758333333333333,77.7075,1.6200000000000045,-1.2954404732361426
EE,2017,60.31,3.7606837606837695,5.825,102.98714166666667,68.9225,1.4933333333333334,3.205833333333333,0.4391666666666666,73.62166666666667,0.4391666666666666,73.1825,2.8599999999999994,-1.93359728644357
EE,2018,62.07,3.3212520593080663,5.366666666666667,103.28865833333332,60.5325,2.74,7.488333333333333,0.2791666666666667,70.76083333333334,0.2791666666666667,70.48166666666667,1.759999999999998,-2.2561400039487856
EE,2019,65.14,1.7922061355953869,4.491666666666666,103.58128333333332,56.288333333333334,4.065833333333333,3.994166666666666,0.3166666666666667,64.34833333333334,0.3166666666666667,64.03166666666667,3.0700000000000003,-2.821396450350016
EE,2020,65.2,-0.8771929824561431,6.8999999999999995,100.185075,55.67916666666667,6.716666666666666,3.825833333333333,0.2825,66.22166666666666,0.2825,65.93916666666667,0.060000000000002274,-0.8807598477878367
EE,2021,67.33,12.029077117572683,6.183333333333334,100.29552583333331,65.11416666666666,4.1066666666666665,3.9033333333333338,0.3908333333333333,73.12416666666667,0.3908333333333333,72.73333333333333,2.1299999999999955,0.6839721684391888
EE,2022,66.08,17.502680133160297,5.575,95.450665,69.3175,6.57,2.4908333333333332,0.325,78.37833333333333,0.325,78.05333333333333,-1.25,3.8023973101518243
EE,2023,68.49,4.264105642256899,6.441666666666666,94.97810416666664,69.01666666666667,9.188333333333334,2.1266666666666665,0.3966666666666666,80.33166666666666,0.3966666666666666,79.935,2.4099999999999966,2.413272291015422
EE,2024,68.43,4.0620826233132235,7.633333333333333,94.28725166666668,69.2,9.241666666666667,2.7358333333333333,0.6116666666666667,81.1775,0.6116666666666667,80.56583333333333,-0.05999999999998806,3.0176053700738192
EL,2013,36.11,-1.8155292591992225,27.808333333333337,95.1597925,,,,,0.0,0.0,0.0,,6.420337149554346
EL,2014,40.65,-2.5342578834406493,26.625,97.38326666666669,,,,,0.0,0.0,0.0,4.539999999999999,4.8992243866464715
EL,2015,43.91,0.3895993901922745,24.991666666666664,97.545435,,,,,0.0,0.0,0.0,3.259999999999998,4.8426177936372685
EL,2016,46.65,0.2868472116763776,23.9,96.289605,,,,,0.0,0.0,0.0,2.740000000000002,5.224137931474816
EL,2017,49.97,0.9674434255909636,21.833333333333332,96.72131,,,,,0.0,0.0,0.0,3.3200000000000003,4.617447451095513
EL,2018,53.03,0.6332277953674526,19.758333333333333,98.53843833333332,,,,,0.0,0.0,0.0,3.0600000000000023,3.1530820259077355
EL,2019,56.69,1.0514985924821918,17.866666666666667,101.76052,,,,,0.0,0.0,0.0,3.6599999999999966,1.1100732270276976
EL,2020,59.41,-2.392462105694393,17.608333333333334,100.0672975,,,,,0.0,0.0,0.0,2.719999999999999,1.4474049237055004
EL,2021,62.05,4.356585243011835,14.8,99.70351333333332,,,,,0.0,0.0,0.0,2.6400000000000006,1.9202843543611523
EL,2022,67.03,7.5852638352638335,12.433333333333332,97.68853333333334,,,,,0.0,0.0,0.0,4.980000000000004,2.8601533033737323
EL,2023,68.1,3.685981308411224,11.041666666666666,99.054365,,,,,0.0,0.0,0.0,1.0699999999999932,1.293071843224636
EL,2024,68.67,2.942024805307164,10.141666666666667,98.32192,,,,,0.0,0.0,0.0,0.5700000000000074,1.3599377780918136
ES,2013,45.92,0.305079155672816,26.1,95.909125,85.2675,0.0,1.9941666666666664,0.1758333333333333,87.26166666666667,0.1758333333333333,87.08583333333333,,5.932018497152481
ES,2014,51.11,-1.1344019728730004,24.45,99.23013583333334,87.4575,0.0,0.5033333333333333,0.13,87.96083333333333,0.13,87.83083333333333,5.189999999999998,3.63654420566686
ES,2015,50.93,-0.1247193813918579,22.058333333333337,102.126975,91.58166666666666,0.0,0.0408333333333333,0.0458333333333333,91.6225,0.0458333333333333,91.57666666666668,-0.17999999999999972,1.7276777435180264
ES,2016,53.79,1.406926406926412,19.633333333333333,101.85509166666668,95.07416666666668,0.02,0.0466666666666666,0.0516666666666666,95.14083333333332,0.0516666666666666,95.08916666666666,2.8599999999999994,1.5191752132953833
ES,2017,57.17,1.22321648468926,17.25,102.77026666666666,92.74833333333332,0.7558333333333334,0.8233333333333334,0.0658333333333333,94.3275,0.0658333333333333,94.26166666666668,3.3800000000000026,0.469939526183893
ES,2018,58.06,1.2246553122465589,15.258333333333333,102.32166666666666,71.06666666666666,3.111666666666667,6.649166666666667,0.225,80.8275,0.225,80.6025,0.8900000000000006,0.24097263985989836
ES,2019,58.61,0.8492909222017397,14.116666666666667,101.8225,78.975,5.3525,2.2591666666666668,0.1283333333333333,86.58666666666666,0.1283333333333333,86.45833333333333,0.5499999999999972,0.18255808767405712
ES,2020,64.68,-0.5720187495034557,15.541666666666666,97.14844166666668,83.85166666666667,4.16,1.8341666666666665,0.1016666666666666,89.84583333333335,0.1016666666666666,89.74416666666667,6.070000000000007,2.728237607128577
ES,2021,64.66,6.568118258090294,14.925,100.032095,86.19,3.5383333333333336,1.4400000000000002,0.1666666666666666,91.16833333333334,0.1666666666666666,91.00166666666668,-0.020000000000010232,2.0858797332214527
ES,2022,63.22,5.480992727000067,13.05,96.0887425,90.7725,3.5708333333333333,0.8266666666666667,0.1008333333333333,95.17,0.1008333333333333,95.06916666666666,-1.4399999999999977,3.5372221136351905
ES,2023,64.49,3.2769405743531266,12.191666666666668,98.15721083333334,89.14999999999999,5.371666666666667,0.6891666666666666,0.1033333333333333,95.21083333333333,0.1033333333333333,95.1075,1.269999999999996,1.9655922024860732
ES,2024,64.7,2.835707894555717,11.358333333333334,99.62972333333332,86.42166666666667,6.2875000000000005,1.4933333333333332,0.2083333333333333,94.2025,0.2083333333333333,93.99416666666669,0.21000000000000796,0.9515482350963016
EU27_2020,2013,40.78,,11.6,,,,,,,,,,
EU27_2020,2014,43.61,,11.016666666666666,,,,,,,,,2.8299999999999983,
EU27_2020,2015,47.9,,10.191666666666666,,,,,,,,,4.289999999999999,
EU27_2020,2016,49.24,,9.266666666666667,,,,,,,,,1.3400000000000034,
EU27_2020,2017,51.8,,8.266666666666667,,,,,,,,,2.559999999999995,
EU27_2020,2018,53.73,,7.391666666666667,,,,,,,,,1.9299999999999997,
EU27_2020,2019,54.16,,6.816666666666666,,,,,,,,,0.4299999999999997,
EU27_2020,2020,57.26,,7.225,,,,,,,,,3.1000000000000014,
EU27_2020,2021,56.84,,7.05,,,,,,,,,-0.4199999999999946,
EU27_2020,2022,58.11,,6.208333333333333,,,,,,,,,1.269999999999996,
EU27_2020,2023,59.31,,6.066666666666666,,,,,,,,,1.2000000000000028,
EU27_2020,2024,64.82,,5.958333333333333,,,,,,,,,5.509999999999991,
FI,2013,51.31,1.9334229993275056,8.283333333333333,99.07343583333332,70.38916666666667,0.0,5.739166666666667,0.2791666666666667,76.12833333333333,0.2791666666666667,75.84916666666668,,0.40239035491248815
FI,2014,55.56,0.5525317499587734,8.758333333333333,98.65892166666669,77.36583333333333,0.0,1.2466666666666668,0.0633333333333333,78.6125,0.0633333333333333,78.54916666666666,4.25,0.5350031815683245
FI,2015,58.17,-0.254244238497503,9.441666666666666,99.13988083333334,74.60166666666667,0.0,0.0958333333333333,0.0775,74.6975,0.0775,74.62,2.6099999999999994,0.33305902413040156
FI,2016,61.66,1.093570136490718,8.908333333333333,100.20685416666667,74.7675,0.4666666666666666,0.2208333333333333,0.1791666666666666,75.455,0.1791666666666666,75.27583333333332,3.489999999999995,-0.1544471547570129
FI,2017,66.01,0.5124034160227664,8.733333333333333,102.11365833333332,67.91250000000001,4.009166666666666,2.4275,0.3041666666666666,74.34916666666668,0.3041666666666666,74.045,4.3500000000000085,-1.2597688567919216
FI,2018,66.94,1.3189836543129996,7.425000000000001,101.71199166666668,53.48166666666666,7.352499999999999,6.329166666666667,0.42,67.16333333333334,0.42,66.74333333333333,0.9299999999999926,-1.2433703339788051
FI,2019,66.68,1.134094720868939,6.741666666666667,99.63242583333331,49.3225,7.983333333333333,4.6375,0.5408333333333334,61.943333333333335,0.5408333333333334,61.4025,-0.2599999999999909,-0.35352847387408515
FI,2020,75.07,0.1895285477375052,7.766666666666667,98.8025975,40.906666666666666,9.79,4.473333333333334,0.4833333333333333,55.169999999999995,0.4833333333333333,54.68666666666667,8.389999999999986,0.1811480980517743
FI,2021,75.11,3.168597777252291,7.616666666666667,101.635775,48.343333333333334,6.703333333333333,4.18,1.2633333333333334,59.22666666666667,1.2633333333333334,57.96333333333333,0.04000000000000625,-0.9035107902498299
FI,2022,75.68,8.786003514401397,6.7749999999999995,96.35358833333332,54.25666666666667,12.045,3.7725,0.6041666666666666,70.07416666666667,0.6041666666666666,69.47,0.5700000000000074,2.406612391831996
FI,2023,79.22,1.3273404031182157,7.216666666666666,97.06764083333331,53.48916666666667,17.794999999999998,3.0741666666666667,0.5366666666666667,74.35833333333333,0.5366666666666667,73.82166666666667,3.539999999999992,1.1071344708830888
FI,2024,78.93,1.559467701691153,8.4,97.74436583333332,49.11083333333334,20.36583333333333,4.226666666666667,1.105,73.70333333333333,1.105,72.59833333333333,-0.28999999999999204,1.063688938216943
FR,2013,37.75,0.8393075712537224,10.3,97.58155083333332,74.575,0.0,6.0633333333333335,0.2608333333333333,80.63833333333334,0.2608333333333333,80.3775,,1.4875351359538023
FR,2014,38.53,0.0867001907404185,10.266666666666666,98.10643,79.37416666666667,0.0,2.0325,0.1216666666666666,81.40666666666667,0.1216666666666666,81.28500000000001,0.7800000000000011,1.1046292890706744
FR,2015,37.72,0.2772002772002846,10.341666666666669,99.48335833333331,81.20333333333333,0.0,0.3516666666666666,0.105,81.555,0.105,81.45,-0.8100000000000023,0.43755560234037644
FR,2016,39.85,0.8033863165169297,10.066666666666666,99.70175583333334,75.87,0.0725,0.5275,0.2366666666666666,76.47,0.2366666666666666,76.23333333333333,2.1300000000000026,0.33407282224376644
FR,2017,42.81,1.251178335761427,9.408333333333331,100.764725,66.925,1.6308333333333334,2.3725,0.2775,70.92833333333333,0.2775,70.65083333333332,2.960000000000001,-0.3049380889544971
FR,2018,41.92,1.89589504866694,9.025,99.75377166666668,70.07833333333333,1.4075,4.189166666666666,0.2841666666666667,75.675,0.2841666666666667,75.39083333333333,-0.8900000000000006,0.21755930154182207
FR,2019,42.32,1.619735858460003,8.424999999999999,100.11749,73.08833333333332,2.4275,2.585,0.2283333333333333,78.10083333333334,0.2283333333333333,77.8725,0.3999999999999986,-0.1472528300477697
FR,2021,44.83,3.3932951757972285,7.875,100.4734175,61.11166666666667,4.455,4.069166666666667,0.705,69.63583333333334,0.705,68.93083333333334,2.509999999999998,-0.21258663970144953
FR,2022,44.5,6.737841043890858,7.3,97.5506925,71.85333333333334,6.110833333333333,2.8049999999999997,0.6058333333333333,80.76916666666666,0.6058333333333333,80.16333333333334,-0.3299999999999983,1.6264117890885912
FR,2023,44.39,4.0972067866933415,7.341666666666666,98.01094166666668,64.86083333333333,13.7525,2.714166666666667,1.788333333333333,81.3275,1.788333333333333,79.53916666666667,-0.10999999999999943,1.0327249447879723
FR,2024,,1.7508896797153062,7.391666666666667,98.72321583333331,56.6675,16.423333333333336,3.74,0.9908333333333332,76.83083333333333,0.9908333333333332,75.84,,
HR,2013,37.84,0.4599370612442532,17.391666666666666,,81.9075,0.0,4.5249999999999995,0.1541666666666666,86.4325,0.1541666666666666,86.27833333333332,,
HR,2014,40.44,-0.0963855421686754,17.158333333333335,,83.42916666666666,0.0,1.1166666666666667,0.0766666666666666,84.54583333333333,0.0766666666666666,84.46916666666667,2.5999999999999943,
HR,2015,44.6,-0.3135552339604497,16.083333333333332,,87.43416666666667,0.0,0.1075,0.065,87.54166666666667,0.065,87.47666666666667,4.160000000000004,
HR,2016,50.39,0.7097346560206441,13.275,,87.87166666666667,0.0908333333333333,0.2366666666666666,0.145,88.19916666666667,0.145,88.05416666666667,5.789999999999999,
HR,2017,47.25,1.273324257227504,10.916666666666666,,80.57833333333333,2.984166666666667,2.4825,0.1566666666666666,86.045,0.1566666666666666,85.88833333333334,-3.1400000000000006,
HR,2018,53.93,0.9963624861616394,8.266666666666667,,63.379999999999995,14.1,4.920833333333333,0.155,82.40083333333332,0.155,82.24583333333334,6.68,
HR,2019,57.88,1.260569996868166,6.575,,78.39833333333333,3.481666666666667,2.0658333333333334,0.1091666666666666,83.94583333333334,0.1091666666666666,83.83666666666666,3.950000000000003,
HR,2020,57.17,-0.286089847676485,7.616666666666667,,81.91250000000001,4.2941666666666665,1.45,0.0783333333333333,87.65666666666668,0.0783333333333333,87.57833333333333,-0.7100000000000009,
HR,2021,60.89,5.210918114143914,7.491666666666667,,88.39333333333333,1.5875,1.2708333333333333,0.1091666666666666,91.25166666666668,0.1091666666666666,91.1425,3.719999999999999,
HR,2022,60.14,12.662146226415103,6.716666666666666,,78.33749999999999,6.465833333333333,2.58,0.2133333333333333,87.38333333333333,0.2133333333333333,87.17,-0.75,
HR,2023,62.76,5.351301844825307,6.041666666666667,,73.55083333333333,10.295,2.5016666666666665,0.2383333333333333,86.34750000000001,0.2383333333333333,86.10916666666667,2.6199999999999974,
HR,2024,61.0,4.501987083954306,5.125,,76.79083333333334,9.444166666666666,2.415833333333333,0.3175,88.65083333333332,0.3175,88.33333333333333,-1.759999999999998,
HU,2013,56.44,0.5994284519411863,9.916666666666666,99.79000083333334,95.275,0.0,1.4908333333333337,0.0258333333333333,96.76583333333332,0.0258333333333333,96.74,,0.22556925496415817
HU,2014,60.02,-0.8452851105106296,7.525,101.732025,93.2025,0.0,0.4675,0.0233333333333333,93.67,0.0233333333333333,93.64666666666666,3.5800000000000054,-1.530333457521793
HU,2015,60.75,0.9573055691425968,6.533333333333334,101.632375,95.22333333333334,0.0,0.0441666666666666,0.0174999999999999,95.2675,0.0174999999999999,95.25,0.7299999999999969,-1.458638426166365
HU,2016,65.62,1.8064784053156255,4.875,101.996975,95.49333333333334,0.02,0.0925,0.06,95.60583333333334,0.06,95.54583333333332,4.8700000000000045,-1.9128767351825369
HU,2017,64.57,2.1823373444829652,4.033333333333333,102.419375,95.19416666666666,0.1825,0.7208333333333333,0.0358333333333333,96.0975,0.0358333333333333,96.06166666666668,-1.0500000000000114,-2.2735827137097453
HU,2018,65.32,2.80106453759148,3.483333333333333,102.82894166666668,91.4725,0.3816666666666666,2.1766666666666667,0.0441666666666666,94.03083333333336,0.0441666666666666,93.98666666666668,0.75,-2.526552836795033
HU,2019,68.86,4.103294285159542,3.2583333333333333,102.598775,90.63833333333334,0.62,0.9591666666666666,0.0316666666666666,92.2175,0.0316666666666666,92.18583333333332,3.5400000000000063,-2.279424099971953
HU,2020,73.99,2.8225054398507865,4.133333333333334,100.6078225,90.51416666666668,0.8308333333333334,0.7575,0.0283333333333333,92.1025,0.0283333333333333,92.07416666666668,5.1299999999999955,-1.2266110305666469
HU,2021,77.24,7.388596650341639,4.041666666666667,101.00945833333331,93.86333333333332,0.4291666666666667,0.5416666666666666,0.0366666666666666,94.83416666666666,0.0366666666666666,94.7975,3.25,-0.8227407524376329
HU,2022,78.54,24.998592421597877,3.6666666666666665,98.91153333333334,93.8125,1.1141666666666667,0.4691666666666667,0.1999999999999999,95.39583333333331,0.1999999999999999,95.19583333333333,1.3000000000000114,2.6125304566031646
HU,2023,81.32,5.490743660195485,4.075,98.86398416666668,92.615,1.8983333333333337,0.9616666666666666,0.1033333333333333,95.475,0.1033333333333333,95.37166666666668,2.779999999999987,0.029667683345878104
HU,2024,81.01,4.795046968403072,4.366666666666666,100.03124,94.76166666666668,1.538333333333333,1.0375,0.0675,97.3375,0.0675,97.27,-0.30999999999998806,-0.6017840836266592
IE,2013,47.51,0.3676470588235281,13.766666666666666,97.78805333333334,66.23,0.0,2.0175,0.3083333333333333,68.2475,0.3083333333333333,67.93916666666667,,2.117574793453262
IE,2014,50.43,-0.2747252747252737,11.891666666666666,100.2932125,66.93166666666667,0.0,0.5758333333333333,0.145,67.50750000000001,0.145,67.3625,2.9200000000000017,0.3016159162239918
IE,2015,52.55,0.1836547291092616,9.916666666666666,102.72893333333332,86.26333333333334,0.0,0.04,0.0691666666666666,86.30333333333333,0.0691666666666666,86.23416666666667,2.1199999999999974,-1.3491745121438627
IE,2016,57.89,-0.1833180568285852,8.383333333333335,102.91718333333334,89.2325,0.0583333333333333,0.175,0.3575,89.46583333333332,0.3575,89.10833333333333,5.340000000000003,-1.851897275747929
IE,2017,58.86,0.4591368227731873,6.766666666666667,103.236,91.255,0.3333333333333333,0.31,0.1408333333333333,91.89833333333333,0.1408333333333333,91.7575,0.9699999999999989,-2.3014927261711824
IE,2018,60.13,0.8226691042047429,5.808333333333334,103.38796666666669,90.69083333333332,0.6308333333333334,0.6783333333333333,0.1475,92.0,0.1475,91.8525,1.2700000000000031,-2.5512900906538594
IE,2019,63.58,1.1786038077969074,4.9750000000000005,101.36359166666666,93.54166666666669,0.9733333333333332,0.4041666666666666,0.0733333333333333,94.91916666666668,0.0733333333333333,94.84583333333336,3.4499999999999957,-1.649734767396911
IE,2020,60.55,-0.9856630824372714,5.841666666666666,99.43246333333332,87.60000000000001,1.9666666666666668,0.8441666666666666,0.1408333333333333,90.41083333333334,0.1408333333333333,90.27,-3.030000000000001,-0.7520956674966135
IE,2021,69.06,5.61085972850679,6.258333333333333,101.927625,94.08583333333333,1.1725,0.4475,0.1258333333333333,95.70583333333332,0.1258333333333333,95.58,8.510000000000005,-1.030146818527743
IE,2022,72.07,8.140531276778074,4.458333333333333,97.29853166666668,91.655,2.7566666666666664,0.545,0.1525,94.95666666666666,0.1525,94.80416666666667,3.009999999999991,1.2934770272010394
IE,2023,70.06,3.2488114104595844,4.3,98.77410833333332,87.40583333333332,4.5216666666666665,0.7533333333333333,0.215,92.68083333333334,0.215,92.46583333333336,-2.009999999999991,-0.18239670594521085
IE,2024,74.5,0.9976976208748932,4.3,100.35535,83.33833333333332,6.138333333333333,1.3616666666666666,0.3408333333333333,90.83833333333332,0.3408333333333333,90.4975,4.439999999999998,-1.3104606957335765
IS,2013,78.88,3.674878576862306,6.266666666666667,,81.02666666666667,0.0,1.7441666666666666,0.0591666666666666,82.77083333333333,0.0591666666666666,82.71166666666667,,
IS,2014,82.73,-0.4063893435683252,5.6000000000000005,,80.91833333333334,0.0,0.2966666666666667,0.0375,81.215,0.0375,81.1775,3.8500000000000085,
IS,2017,89.46,-1.0196034249661978,3.283333333333333,,84.385,0.4491666666666667,0.5066666666666667,0.0608333333333333,85.34083333333332,0.0608333333333333,85.28,6.72999999999999,
IS,2018,90.87,1.9691537191963928,3.233333333333333,,80.97416666666668,0.8091666666666667,1.1891666666666667,0.0833333333333333,82.97250000000001,0.0833333333333333,82.88916666666667,1.4100000000000108,
IS,2019,91.65,0.9097505162694696,3.9,,75.58416666666666,2.595,1.2308333333333332,0.09,79.41,0.09,79.32,0.7800000000000011,
IS,2020,93.82,2.34513274336281,5.8500000000000005,,73.49249999999999,2.8074999999999997,1.4233333333333331,0.0841666666666666,77.72333333333334,0.0841666666666666,77.63916666666667,2.1699999999999875,
IS,2021,92.98,3.864029399048863,5.333333333333333,,82.14666666666666,1.9691666666666665,1.1266666666666667,0.1708333333333333,85.24249999999999,0.1708333333333333,85.07166666666667,-0.8399999999999892,
IS,2024,89.83,3.5638080537522043,3.4250000000000003,,61.79,9.994166666666668,5.2700000000000005,0.6133333333333334,77.05416666666666,0.6133333333333334,76.44083333333333,-3.1500000000000057,
IT,2013,31.63,0.6705783738474302,12.358333333333334,97.05887333333334,80.63166666666667,0.0,4.881666666666667,0.3008333333333333,85.51333333333334,0.3008333333333333,85.21249999999999,,2.2101548200145644
IT,2014,36.21,-0.0832639467110651,12.783333333333331,98.561285,87.6225,0.0,0.9108333333333332,0.0883333333333333,88.53333333333335,0.0883333333333333,88.44500000000001,4.580000000000002,1.4284779696752485
IT,2015,38.05,0.0833333333333241,12.025,100.28587916666667,86.15166666666666,0.0,0.1991666666666667,0.1416666666666666,86.35083333333334,0.1416666666666666,86.20916666666666,1.8399999999999963,0.3858382506363405
IT,2016,41.54,0.5828476269775118,11.716666666666669,100.40995833333334,86.83083333333333,0.0608333333333333,0.465,0.2466666666666666,87.35666666666667,0.2466666666666666,87.11,3.490000000000002,0.3196398944630649
IT,2017,43.36,0.9933774834437026,11.291666666666666,100.23351416666668,80.62083333333334,1.4608333333333334,2.7175,0.3766666666666666,84.79916666666666,0.3766666666666666,84.4225,1.8200000000000003,0.36926620599977705
IT,2018,46.48,1.147540983606565,10.6,101.48301666666669,70.66333333333334,3.234166666666667,6.56,0.4791666666666667,80.4575,0.4791666666666667,79.97833333333334,3.1199999999999974,-0.41441767666315654
IT,2019,42.3,0.4051863857374327,9.908333333333331,100.69350833333334,69.61083333333333,4.985833333333333,3.5416666666666665,0.3391666666666666,78.13833333333334,0.3391666666666666,77.79916666666666,-4.18,-0.269677022370989
IT,2020,48.42,-0.2421307506053405,9.341666666666669,99.56519333333334,75.845,5.095,2.453333333333333,0.13,83.39333333333333,0.13,83.26333333333334,6.1200000000000045,0.09204498289955393
IT,2021,50.19,4.207119741100329,9.525,102.20650833333332,80.15416666666667,3.329166666666667,3.778333333333333,0.4125,87.26166666666667,0.4125,86.84916666666668,1.769999999999996,-0.6128341785740511
IT,2022,53.19,12.267080745341596,8.116666666666667,98.22618916666666,73.27333333333333,11.7525,5.671666666666667,0.455,90.6975,0.455,90.2425,3.0,2.2324362678246117
IT,2023,53.06,0.5532503457814641,7.683333333333334,99.538235,76.81583333333334,14.7925,1.5016666666666667,0.4858333333333333,93.11,0.4858333333333333,92.62416666666668,-0.12999999999999545,-0.16751031836404895
IT,2024,55.96,1.375515818431916,6.566666666666666,99.60944166666668,74.64666666666666,13.4125,2.869166666666666,0.7174999999999999,90.92833333333331,0.7174999999999999,90.21083333333333,2.8999999999999986,-0.3487101123297643
LT,2013,43.6,0.4462036703850369,11.8,100.46255166666668,70.23416666666667,0.0,9.865833333333333,0.22,80.10000000000001,0.22,79.88,,0.29284240111954374
LT,2014,47.02,-0.1074729526402529,10.733333333333334,99.60449166666666,69.21666666666667,0.0,2.585,0.1466666666666666,71.80166666666666,0.1466666666666666,71.655,3.4200000000000017,0.41235223500224694
LT,2015,46.27,-0.2510400229522314,9.141666666666667,100.66961666666668,76.87666666666667,0.0,0.6416666666666667,0.2275,77.51833333333333,0.2275,77.29083333333334,-0.75,-0.5255902589561681
LT,2016,50.34,1.9558495721579083,7.916666666666667,100.40957416666669,70.25750000000001,0.055,4.33,1.2033333333333334,74.6425,1.2033333333333334,73.43916666666667,4.07,-0.3690786624828766
LT,2017,53.55,3.808449114888224,7.108333333333333,100.08390333333334,66.895,0.8466666666666667,6.59,0.6758333333333333,74.33166666666666,0.6758333333333333,73.65583333333333,3.2099999999999937,-0.13136734200153563
LT,2018,57.95,1.7528364698688792,6.191666666666666,101.957325,64.94500000000001,1.5316666666666665,11.039166666666668,0.5258333333333333,77.51583333333333,0.5258333333333333,76.99,4.400000000000006,-1.5952442766753174
LT,2019,60.57,2.730853976096692,6.2749999999999995,103.41816666666666,64.52416666666666,2.9808333333333334,5.429166666666667,0.4441666666666666,72.93416666666667,0.4441666666666666,72.49,2.6199999999999974,-2.1946359894049037
LT,2020,61.45,-0.071493565579106,8.525,100.72370666666669,67.55916666666667,4.355833333333333,4.885,0.2466666666666666,76.8,0.2466666666666666,76.55333333333333,0.8800000000000026,-0.6713032444128267
LT,2021,65.19,10.70569105691057,7.141666666666667,101.74821666666666,65.4675,8.8075,8.305,0.395,82.58,0.395,82.185,3.739999999999995,-0.027540565758942925
LT,2022,67.3,19.981199694495032,5.933333333333334,98.540945,61.0725,8.905,5.7175,0.5983333333333333,75.69500000000001,0.5983333333333333,75.09666666666666,2.1099999999999994,2.6332842129486327
LT,2023,68.45,1.6012143766526377,6.841666666666666,101.36341666666668,69.52749999999999,9.2675,6.1049999999999995,0.4666666666666666,84.89999999999999,0.4666666666666666,84.43333333333334,1.1500000000000057,-1.1592833108523681
LT,2024,69.84,1.8651501277169968,7.141666666666667,103.45693333333334,59.44583333333333,18.57,5.1674999999999995,0.9425,83.18333333333334,0.9425,82.24083333333333,1.3900000000000006,-2.1340579835327698
LU,2013,56.68,1.5304862996790902,5.833333333333333,98.7997025,74.99249999999999,0.0,4.429166666666666,0.5266666666666667,79.42166666666667,0.5266666666666667,78.895,,-0.07888366834976113
LU,2014,60.49,-0.9320042142799244,6.033333333333334,98.94763,84.53750000000001,0.0,0.87,0.1291666666666666,85.40750000000001,0.1291666666666666,85.27833333333334,3.8100000000000023,-0.45003985683005077
LU,2015,68.28,0.8507853403141308,6.466666666666666,99.88646083333332,83.5475,0.0,0.1308333333333333,0.1191666666666666,83.67833333333333,0.1191666666666666,83.55916666666667,7.789999999999999,-0.5875248646549205
LU,2016,67.05,1.5736534717715855,6.325,101.32870833333334,81.6625,0.0683333333333333,0.22,0.2533333333333333,81.95083333333334,0.2533333333333333,81.6975,-1.230000000000004,-1.2647071862802963
LU,2017,68.08,1.5732311132407029,5.616666666666667,102.50021666666667,74.33416666666666,0.7816666666666667,1.7025,0.4383333333333333,76.81833333333333,0.4383333333333333,76.38,1.0300000000000011,-2.0333943483936787
LU,2018,63.76,1.9026653038761057,5.533333333333334,102.257125,62.1025,1.6708333333333334,4.22,0.7799999999999999,67.99333333333334,0.7799999999999999,67.21333333333334,-4.32,-1.8815545500758384
LU,2019,62.51,1.8054162487462169,5.608333333333333,102.2473,64.79833333333333,2.828333333333333,3.0908333333333338,0.5691666666666667,70.7175,0.5691666666666667,70.14833333333333,-1.25,-1.8726015143290076
LU,2020,59.53,-0.3410382720727467,6.666666666666667,98.92887916666666,66.41416666666667,3.3575,2.4025,0.475,72.17416666666666,0.475,71.69916666666667,-2.979999999999997,-0.2119969850916551
LU,2021,61.95,5.45247148288972,5.416666666666667,101.2486725,59.62166666666667,3.1225,3.395,0.8925000000000001,66.13916666666667,0.8925000000000001,65.24666666666667,2.4200000000000017,-0.8962983055387542
LU,2022,61.78,6.223408091151672,4.591666666666667,95.86195916666668,65.88083333333333,6.711666666666667,2.4025000000000003,0.7058333333333334,74.99499999999999,0.7058333333333334,74.28916666666667,-0.1700000000000017,1.8003955143255592
LU,2023,62.55,3.163611676849954,5.233333333333333,97.59882083333332,62.038333333333334,13.738333333333337,2.27,0.7225,78.04666666666667,0.7225,77.32416666666667,0.769999999999996,0.6284333492520127
LU,2024,67.7,1.6122663858910258,6.316666666666666,99.04625333333333,59.91166666666667,12.5925,2.13,1.1675,74.63416666666667,1.1675,73.46666666666667,5.150000000000006,-0.08302053622783678
LV,2013,54.45,-0.4084133142740365,11.866666666666667,102.27531666666664,45.91833333333333,0.0,8.956666666666667,0.2558333333333333,54.875,0.2558333333333333,54.619166666666665,,-0.7459006147759637
LV,2014,52.74,0.2733921126375493,10.833333333333334,102.98660833333334,58.69416666666667,0.0,1.935,0.1425,60.62916666666666,0.1425,60.48666666666667,-1.7100000000000009,-1.2577059104142345
LV,2015,57.5,0.4021539090723225,9.883333333333333,103.547825,64.32166666666667,0.0,0.2525,0.1241666666666666,64.57416666666667,0.1241666666666666,64.45,4.759999999999998,-1.7493577819032635
LV,2016,57.07,2.118126272912413,9.633333333333333,102.91670833333336,67.9325,0.1666666666666666,1.711666666666667,0.2691666666666666,69.81083333333333,0.2691666666666666,69.54166666666667,-0.4299999999999997,-1.2437268859389041
LV,2017,59.9,2.1539688871160756,8.716666666666667,102.24905833333332,63.31,1.1875,5.3425,0.3374999999999999,69.84,0.3374999999999999,69.50250000000001,2.8299999999999983,-1.10616198382113
LV,2018,61.47,2.5510868150462107,7.408333333333334,102.68343333333333,59.72333333333333,2.910833333333333,8.9525,0.365,71.58666666666666,0.365,71.22166666666666,1.5700000000000003,-1.5780625831291417
LV,2019,64.66,2.132250285569226,6.3,103.07215,60.958333333333336,3.4491666666666667,3.904166666666667,0.4041666666666666,68.31166666666667,0.4041666666666666,67.9075,3.1899999999999977,-2.093136847886016
LV,2020,67.09,-0.490866161302339,8.091666666666667,99.7146675,61.13083333333333,4.253333333333333,2.9658333333333338,0.2966666666666667,68.35,0.2966666666666667,68.05333333333333,2.430000000000007,-0.30873909217363404
LV,2021,69.76,7.880112394630045,7.541666666666667,100.47478583333331,66.71666666666667,3.8525,2.6666666666666665,0.5141666666666667,73.23583333333333,0.5141666666666667,72.72166666666668,2.6700000000000017,0.331026814423329
LV,2022,71.19,20.71540197951032,6.841666666666666,96.16552416666669,62.75,5.800833333333333,3.3825000000000003,0.4591666666666666,71.93333333333334,0.4591666666666666,71.47416666666668,1.4299999999999926,4.171361547200437
LV,2023,73.25,0.8486766398158929,6.508333333333333,97.96244083333332,60.810833333333335,7.879166666666666,3.3766666666666665,0.4491666666666667,72.06666666666666,0.4491666666666667,71.61749999999999,2.0600000000000023,0.4150545363498819
LV,2024,74.14,3.3613844910378887,6.908333333333334,100.65822166666668,68.78916666666667,6.700833333333333,2.408333333333333,0.7116666666666666,77.89833333333333,0.7116666666666666,77.18666666666667,0.8900000000000006,-0.536032988052519
ME,2017,58.38,,,,93.20166666666668,1.4775,1.6224999999999998,0.0391666666666666,96.30166666666666,0.0391666666666666,96.2625,,
ME,2018,60.38,,,,88.11416666666666,6.260000000000001,1.7825,0.03,96.15666666666664,0.03,96.12666666666668,2.0,
ME,2019,62.15,,,,91.98166666666668,2.0033333333333334,1.038333333333333,0.0341666666666666,95.02333333333333,0.0341666666666666,94.98916666666666,1.769999999999996,
ME,2020,67.37,,,,94.16833333333334,1.695,0.5991666666666667,0.03,96.4625,0.03,96.4325,5.220000000000006,
ME,2021,71.39,,,,92.26666666666668,2.14,1.0091666666666663,0.0808333333333333,95.41583333333334,0.0808333333333333,95.335,4.019999999999996,
ME,2022,77.32,,,,84.585,6.346666666666667,1.9041666666666668,0.1733333333333333,92.83583333333333,0.1733333333333333,92.6625,5.929999999999993,
ME,2023,77.55,,,,77.5975,11.933333333333332,1.8825,0.1949999999999999,91.41333333333334,0.1949999999999999,91.21833333333336,0.23000000000000398,
ME,2024,78.84,,,,81.24249999999999,9.2675,1.4466666666666663,0.4775,91.95666666666666,0.4775,91.47916666666669,1.2900000000000063,
MK,2013,55.16,1.8903436988543465,,,94.45416666666668,0.0,1.5566666666666666,0.0908333333333333,96.01083333333334,0.0908333333333333,95.92,,
MK,2014,54.32,-0.2409445024496137,,,93.25166666666668,0.0,0.9725,0.0575,94.22416666666668,0.0575,94.16666666666669,-0.8399999999999963,
MK,2015,58.85,-0.338137026004337,,,96.42416666666666,0.0,0.0558333333333333,0.0308333333333333,96.48,0.0308333333333333,96.44916666666666,4.530000000000001,
MK,2016,59.55,0.1777203328217069,,,96.21666666666664,0.0216666666666666,0.185,0.1075,96.42333333333332,0.1075,96.31583333333332,0.6999999999999957,
MK,2017,62.42,3.475526167244558,,,95.15333333333332,0.3374999999999999,0.9233333333333332,0.105,96.41416666666667,0.105,96.30916666666668,2.8700000000000045,
MK,2018,64.86,1.5430174563591192,,,92.84416666666668,1.5233333333333334,2.0233333333333334,0.0875,96.39083333333332,0.0875,96.30333333333334,2.4399999999999977,
MK,2019,68.3,-0.191864927091323,,,93.30333333333331,1.3008333333333333,1.16,0.0641666666666666,95.76416666666668,0.0641666666666666,95.7,3.4399999999999977,
MK,2020,69.77,3.098808150711263,,,94.09416666666664,1.8291666666666664,0.7050000000000001,0.0574999999999999,96.62833333333332,0.0574999999999999,96.57083333333333,1.4699999999999989,
MK,2021,73.54,4.870226730310256,,,96.75583333333331,0.8891666666666667,0.4558333333333333,0.0483333333333333,98.10083333333334,0.0483333333333333,98.0525,3.7700000000000102,
MK,2024,76.66,5.651262949598412,,,96.83166666666666,1.6766666666666667,0.2616666666666666,0.0508333333333333,98.77,0.0508333333333333,98.71916666666664,3.1199999999999903,
MT,2013,50.93,1.0036573955941153,6.058333333333334,,81.8,0.0,3.2191666666666667,0.3475,85.01916666666666,0.3475,84.67166666666667,,
MT,2014,53.12,0.395789473684216,5.75,,83.92916666666666,0.0,0.7941666666666668,0.1133333333333333,84.72333333333333,0.1133333333333333,84.61,2.1899999999999977,
MT,2015,60.08,1.2414024492534814,5.383333333333333,,90.31916666666666,0.0,0.0625,0.0783333333333333,90.38166666666666,0.0783333333333333,90.30333333333334,6.960000000000001,
MT,2016,64.04,0.9610604805302404,4.741666666666667,,91.3225,0.0216666666666666,0.0808333333333333,0.2133333333333333,91.425,0.2133333333333333,91.21166666666666,3.960000000000008,
MT,2017,70.37,1.3376005251928502,4.0,,89.1925,0.2191666666666666,0.625,0.1925,90.03666666666668,0.1925,89.84416666666668,6.329999999999998,
MT,2018,69.61,1.2470645396388311,3.9583333333333335,,85.44166666666666,0.5933333333333334,1.3175,0.2391666666666666,87.3525,0.2391666666666666,87.11333333333334,-0.7600000000000051,
MT,2019,70.66,1.279692873710303,4.1,,68.33833333333332,2.4175,1.830833333333333,0.3091666666666666,72.58666666666666,0.3091666666666666,72.2775,1.0499999999999972,
MT,2020,72.49,0.1579404564479247,4.858333333333333,,83.895,1.7074999999999998,1.1041666666666667,0.1783333333333333,86.70666666666666,0.1783333333333333,86.52833333333332,1.8299999999999983,
MT,2021,75.57,2.633446345501844,3.7416666666666663,,80.3775,1.8233333333333333,1.6483333333333334,0.4716666666666667,83.84916666666668,0.4716666666666667,83.3775,3.0799999999999983,
MT,2022,75.74,7.282784051624813,3.483333333333333,,77.60000000000001,5.701666666666667,1.5758333333333334,0.6925,84.8775,0.6925,84.185,0.1700000000000017,
MT,2023,75.75,3.7021124239169367,3.4916666666666667,,77.5025,7.8825,1.3724999999999998,0.6591666666666667,86.7575,0.6591666666666667,86.09833333333334,0.010000000000005116,
MT,2024,76.65,1.8436680016572504,3.1833333333333336,,81.97,5.823333333333333,0.9991666666666666,0.8883333333333333,88.7925,0.8883333333333333,87.90416666666668,0.9000000000000057,
NL,2013,55.04,1.4098073555166346,8.200000000000001,98.59266166666669,61.086666666666666,0.0,4.508333333333334,0.9025,65.595,0.9025,64.6925,,0.5587795347809597
NL,2014,58.6,-0.0604438304118826,8.341666666666667,100.54998333333332,83.08583333333333,0.0,0.6741666666666667,0.1466666666666666,83.76,0.1466666666666666,83.61333333333333,3.5600000000000023,-0.6225037971074613
NL,2015,59.33,0.4838430965958151,7.908333333333334,100.91138333333332,76.7525,0.0,0.1175,0.2666666666666666,76.87,0.2666666666666666,76.60333333333334,0.7299999999999969,-0.833929760523981
NL,2016,61.83,0.756663800515911,7.008333333333333,100.84584166666669,77.12833333333334,0.2941666666666667,0.2558333333333333,0.445,77.67833333333334,0.445,77.23333333333333,2.5,-0.9705123614144228
NL,2017,66.56,1.211810889230236,5.891666666666667,101.610325,71.79083333333334,1.7091666666666665,1.6525,0.8558333333333333,75.15249999999999,0.8558333333333333,74.29666666666667,4.730000000000004,-1.5604473209469025
NL,2018,65.75,1.8381112984823031,4.875,101.26514166666668,60.47666666666667,4.3741666666666665,4.0975,1.3458333333333332,68.94833333333334,1.3458333333333332,67.6025,-0.8100000000000023,-1.530702883409158
NL,2019,66.91,2.790197052492127,4.425,100.06606166666668,58.83833333333334,3.9608333333333334,2.6391666666666667,0.7658333333333333,65.43833333333333,0.7658333333333333,64.6725,1.1599999999999966,-0.8839405981109142
NL,2020,71.23,0.9262988320579923,4.858333333333333,99.16926333333332,57.91416666666667,3.745,2.325,0.5458333333333333,63.984166666666674,0.5458333333333333,63.43833333333333,4.320000000000007,-0.5788956789769333
NL,2021,73.3,6.400638467677577,4.241666666666666,100.57460166666668,68.37916666666666,3.1466666666666665,2.268333333333333,1.6166666666666665,73.79416666666667,1.6166666666666665,72.17750000000001,2.069999999999993,-0.6888222763667635
NL,2022,74.09,11.003600360036025,3.516666666666667,97.333855,69.58333333333333,5.584166666666667,2.5458333333333334,1.695,77.71333333333332,1.695,76.01833333333333,0.7900000000000063,1.4539400604807562
NL,2023,76.62,0.973038718832342,3.5500000000000003,98.47014083333332,69.8125,10.3575,1.805,0.7083333333333334,81.97500000000001,0.7083333333333334,81.26666666666667,2.530000000000001,-0.5141814460072831
NL,2024,80.06,3.948337013986491,3.658333333333333,99.41163,68.3375,11.974166666666669,1.84,1.0058333333333334,82.15166666666666,1.0058333333333334,81.14583333333333,3.4399999999999977,-0.5630586711934895
NO,2013,67.58,1.834061135371168,3.9416666666666664,,72.5725,0.0,3.6991666666666663,0.1491666666666666,76.27166666666666,0.1491666666666666,76.1225,,
NO,2014,70.67,1.9725557461406584,3.775,,76.94666666666667,0.0,0.7266666666666666,0.0725,77.67333333333333,0.0725,77.60083333333334,3.0900000000000034,
NO,2015,73.22,2.354920100925151,4.675,,83.09583333333333,0.0,0.0766666666666666,0.0608333333333333,83.1725,0.0608333333333333,83.11166666666666,2.549999999999997,
NO,2016,76.16,3.7797863599013937,4.908333333333333,,84.50666666666667,0.1958333333333333,0.1125,0.1158333333333333,84.815,0.1158333333333333,84.69916666666667,2.9399999999999977,
NO,2017,82.58,1.5835312747426888,4.375,,79.42666666666666,1.2125,1.4366666666666668,0.2233333333333333,82.07583333333334,0.2233333333333333,81.8525,6.420000000000002,
NO,2018,81.8,3.897116134060785,4.016666666666667,,69.585,2.5,3.5475,0.3175,75.63250000000001,0.3175,75.315,-0.7800000000000011,
NO,2019,86.31,1.1252813203300738,3.875,,67.9575,4.048333333333333,2.4441666666666664,0.2516666666666666,74.45,0.2516666666666666,74.19833333333334,4.510000000000005,
NO,2020,87.83,1.4094955489614147,4.75,,61.590833333333336,5.036666666666666,2.3533333333333335,0.1766666666666666,68.98083333333334,0.1766666666666666,68.80416666666666,1.519999999999996,
NO,2021,88.28,6.144842721287502,4.458333333333333,,68.70666666666666,5.0375,2.4575,0.2783333333333333,76.20166666666667,0.2783333333333333,75.92333333333333,0.45000000000000284,
NO,2022,89.65,6.3404548587181475,3.2416666666666667,,67.69416666666667,7.8875,2.055,0.2508333333333333,77.63666666666667,0.2508333333333333,77.38583333333334,1.3700000000000045,
NO,2023,89.96,4.601425793907965,3.5833333333333335,,67.59583333333333,10.851666666666668,1.3925,0.2066666666666666,79.84,0.2066666666666666,79.63333333333334,0.30999999999998806,
NO,2024,90.95,1.7348203221809078,4.008333333333334,,68.64083333333333,7.7475,2.2816666666666667,0.2325,78.67,0.2325,78.4375,0.9900000000000091,
PL,2013,35.29,0.560448358686938,10.608333333333333,98.82000416666666,74.59416666666667,0.0,8.696666666666667,0.1766666666666666,83.29083333333334,0.1766666666666666,83.11416666666666,,0.8809175888621112
PL,2014,36.8,-0.6369426751592355,9.2,99.92105416666668,65.4825,0.0,3.784166666666667,0.12,69.26666666666667,0.12,69.14666666666666,1.509999999999998,-0.17911510849168627
PL,2015,41.4,-0.480769230769229,7.658333333333334,100.48981666666668,78.9425,0.0,0.2808333333333333,0.0941666666666666,79.22333333333333,0.0941666666666666,79.12916666666666,4.600000000000001,-0.8077400956188793
PL,2016,44.2,0.9661835748792312,6.25,101.30785833333331,81.86583333333333,0.0866666666666666,0.8574999999999999,0.2983333333333333,82.81,0.2983333333333333,82.51166666666667,2.8000000000000043,-1.3554297572729441
PL,2017,48.02,1.674641148325362,4.941666666666666,101.63248333333333,64.79333333333334,1.2,9.019166666666669,0.6558333333333334,75.0125,0.6558333333333334,74.35666666666667,3.8200000000000003,-1.7275532752400369
PL,2018,49.87,0.9411764705882232,3.9,102.2445,55.74916666666667,2.5208333333333335,16.736666666666668,0.5333333333333333,75.00666666666667,0.5333333333333333,74.47333333333334,1.8499999999999943,-2.3860552830170114
PL,2019,53.04,2.952602952602956,3.25,102.39273333333334,63.604166666666664,2.3633333333333333,7.966666666666666,0.2225,73.93416666666667,0.2225,73.71166666666666,3.1700000000000017,-2.334360273672301
PL,2020,54.78,3.3207547169811447,3.1750000000000003,99.0801975,80.04333333333334,1.9833333333333336,2.9025,0.0775,84.92916666666667,0.0775,84.85166666666667,1.740000000000002,-0.5906981061267012
PL,2021,56.78,8.035062089116153,3.3666666666666667,99.99085,77.23833333333333,1.715833333333333,3.7741666666666664,0.1833333333333333,82.72833333333334,0.1833333333333333,82.545,2.0,-0.3635226882264284
PL,2022,60.61,15.415821501014191,2.875,98.35626416666666,81.77583333333332,3.6675,3.2566666666666664,0.15,88.69999999999999,0.15,88.55,3.8299999999999983,1.388803397300586
PL,2023,62.29,6.1511423550087985,2.8249999999999997,99.97300083333334,84.08083333333333,5.655,2.3558333333333334,0.165,92.09166666666664,0.165,91.92666666666666,1.6799999999999997,-0.740542131867281
PL,2024,60.97,3.863134657836653,2.9,101.63415,84.66583333333334,5.585833333333333,2.3241666666666667,0.3091666666666666,92.57583333333334,0.3091666666666666,92.26666666666668,-1.3200000000000003,-1.8976161936354106
PT,2013,43.68,0.17185083347655,17.233333333333334,95.254095,85.76833333333333,0.0,3.579166666666667,0.1716666666666666,89.34750000000001,0.1716666666666666,89.17583333333334,,4.200523941537899
PT,2014,46.76,-0.2659118202092969,14.641666666666666,98.23657916666669,85.47583333333334,0.0,0.8858333333333334,0.0675,86.36166666666666,0.0675,86.29416666666667,3.0799999999999983,2.000704061795299
PT,2015,48.06,0.2838221381267658,12.983333333333334,100.01653666666668,87.04666666666667,0.0,0.1441666666666666,0.0716666666666666,87.19083333333333,0.0716666666666666,87.11916666666667,1.3000000000000043,0.7743461888786264
PT,2016,52.17,0.8833619210977695,11.458333333333334,100.494025,86.1025,0.065,0.2725,0.7191666666666666,86.44,0.7191666666666666,85.72083333333335,4.109999999999999,0.2581020907087127
PT,2017,56.13,1.6152342089603031,9.233333333333333,101.92575833333332,84.39416666666666,0.695,2.236666666666667,0.3991666666666666,87.32583333333334,0.3991666666666666,86.92666666666666,3.960000000000001,-0.894357227882838
PT,2018,59.18,0.6358236426001973,7.166666666666667,101.96245,79.52416666666666,1.985,4.723333333333334,0.215,86.2325,0.215,86.0175,3.049999999999997,-1.527044754910442
PT,2019,60.4,0.374095934824159,6.633333333333333,101.34703333333334,76.365,5.7941666666666665,2.5733333333333333,0.2208333333333333,84.7325,0.2208333333333333,84.51166666666667,1.2199999999999989,-1.3689790319687232
PT,2020,62.74,-0.2981613384131165,7.108333333333333,98.1708325,81.705,4.0216666666666665,1.525,0.1149999999999999,87.25166666666667,0.1149999999999999,87.13666666666667,2.3400000000000034,0.28744001503417194
PT,2021,65.46,2.791161322478808,6.716666666666666,99.63736666666668,73.19,6.035,2.6625,0.3875,81.8875,0.3875,81.5,2.7199999999999918,-0.13235583824824643
PT,2022,66.72,9.79473088734444,6.175,96.7301975,76.295,7.715,2.3675,0.2541666666666667,86.3775,0.2541666666666667,86.12333333333333,1.2600000000000051,2.213104714218351
PT,2023,68.03,1.891653172383334,6.566666666666666,97.41222416666666,71.18666666666667,13.439166666666669,3.9025,0.2791666666666667,88.52833333333332,0.2791666666666667,88.24916666666667,1.3100000000000023,0.8570403647630033
PT,2024,70.47,3.10626309326012,6.458333333333333,99.54803083333331,68.12666666666667,14.0175,5.740833333333334,0.4616666666666666,87.885,0.4616666666666666,87.42333333333333,2.4399999999999977,-0.10235807655188955
RO,2013,33.42,1.3198036874917165,8.975,,90.27,0.0,2.8000000000000003,0.1374999999999999,93.07,0.1374999999999999,92.9325,,
RO,2014,36.25,1.034234470118478,8.591666666666667,,85.47250000000001,0.0,1.215833333333333,0.1608333333333333,86.68833333333333,0.1608333333333333,86.52749999999999,2.8299999999999983,
RO,2015,43.64,-0.6802721088435271,8.366666666666667,,87.93666666666667,0.0,0.125,0.0658333333333333,88.06166666666667,0.0658333333333333,87.99583333333334,7.390000000000001,
RO,2016,44.29,-0.0848010437051738,7.175,,92.07416666666666,0.0375,0.9066666666666668,0.3033333333333333,93.01833333333332,0.3033333333333333,92.715,0.6499999999999986,
RO,2017,52.2,2.585362668929947,6.091666666666666,,91.725,0.4008333333333334,1.9591666666666665,0.1633333333333333,94.085,0.1633333333333333,93.92166666666668,7.910000000000004,
RO,2018,60.77,3.0166104499459,5.25,,88.97083333333335,0.7616666666666667,3.9425,0.1175,93.675,0.1175,93.5575,8.57,
RO,2019,60.18,4.052634830419466,4.8999999999999995,,91.54,1.2975,1.2891666666666668,0.0541666666666666,94.12666666666668,0.0541666666666666,94.0725,-0.5900000000000034,
RO,2020,64.85,1.8345900374042712,6.033333333333334,,93.09833333333334,1.6741666666666666,1.0408333333333333,0.04,95.81333333333332,0.04,95.77333333333333,4.669999999999995,
RO,2021,68.55,6.681436567164156,5.6000000000000005,,95.66083333333334,0.6866666666666666,1.0883333333333334,0.0675,97.43583333333332,0.0675,97.36833333333334,3.700000000000003,
RO,2022,69.01,14.132692097497014,5.591666666666666,,95.93166666666669,1.3033333333333337,0.9775,0.0458333333333333,98.2125,0.0458333333333333,98.16666666666669,0.46000000000000796,
RO,2023,75.24,7.010151312009194,5.55,,94.46333333333332,2.24,1.5075,0.0483333333333333,98.21083333333333,0.0483333333333333,98.1625,6.22999999999999,
RO,2024,74.89,5.454626812242713,5.466666666666666,,91.91,3.735833333333334,1.8575,0.1258333333333333,97.50333333333332,0.1258333333333333,97.3775,-0.3499999999999943,
RS,2015,49.32,,,,93.94833333333332,0.0,0.0591666666666666,0.0425,94.0075,0.0425,93.965,,
RS,2017,47.68,,,,89.11666666666667,1.8275,2.295,0.0791666666666666,93.23916666666666,0.0791666666666666,93.16,-1.6400000000000006,
RS,2018,51.57,,,,84.3625,6.094166666666666,3.0325,0.0566666666666666,93.48916666666666,0.0566666666666666,93.4325,3.8900000000000006,
RS,2019,54.82,,,,88.3125,3.03,1.3808333333333334,0.0583333333333333,92.72333333333334,0.0583333333333333,92.665,3.25,
RS,2020,57.47,,,,89.34666666666668,3.0775,1.1191666666666666,0.0525,93.54333333333334,0.0525,93.49083333333331,2.6499999999999986,
RS,2021,60.31,,,,91.16666666666669,2.279166666666667,1.105,0.1125,94.55083333333332,0.1125,94.43833333333332,2.8400000000000034,
RS,2022,68.38,,,,89.29583333333333,4.456666666666666,1.3558333333333332,0.1291666666666666,95.10833333333332,0.1291666666666666,94.97916666666669,8.069999999999993,
RS,2023,70.24,,,,80.79833333333333,10.615,1.8783333333333332,0.1433333333333333,93.29166666666669,0.1433333333333333,93.14833333333333,1.8599999999999994,
RS,2024,71.39,,,,80.68916666666667,11.624166666666667,1.2241666666666666,0.605,93.5375,0.605,92.9325,1.1500000000000057,
SE,2013,56.72,0.3598385114972791,8.125,100.62153333333332,74.78833333333334,0.0,3.7425,0.1866666666666666,78.53083333333333,0.1866666666666666,78.34416666666667,,-0.6513530286988037
SE,2014,65.18,0.2798425885439437,8.041666666666666,100.63616416666667,82.46249999999999,0.0,0.6224999999999999,0.0608333333333333,83.085,0.0608333333333333,83.02416666666666,8.460000000000008,-0.6892635185526519
SE,2015,62.48,0.7412575215836714,7.508333333333333,100.02385,81.40333333333334,0.0,0.0933333333333333,0.0741666666666666,81.49666666666667,0.0741666666666666,81.4225,-2.70000000000001,-0.4326428585912095
SE,2016,70.15,1.72264542936289,7.058333333333334,100.14584916666666,82.71333333333332,0.3891666666666666,0.2699999999999999,0.1441666666666666,83.37249999999999,0.1441666666666666,83.22833333333332,7.670000000000009,-0.4637998360677345
SE,2017,70.75,1.7360224661730816,6.8,100.604525,80.85416666666667,2.705,1.6450000000000002,0.3008333333333333,85.20416666666667,0.3008333333333333,84.90333333333334,0.5999999999999943,-0.758490286691161
SE,2018,70.36,2.1497281472187435,6.458333333333333,100.23694166666668,67.39083333333333,6.642500000000001,5.040833333333333,0.5108333333333334,79.07416666666667,0.5108333333333334,78.56333333333333,-0.39000000000000057,-0.5904747132937782
SE,2019,72.22,1.744186046511631,6.916666666666667,99.59608333333334,68.03416666666666,7.204999999999999,3.4791666666666665,0.355,78.71833333333333,0.355,78.36333333333333,1.8599999999999994,-0.20978479145381632
SE,2020,72.9,0.6036217303822866,8.525,99.80437166666668,78.93416666666667,4.655,1.785,0.1566666666666666,85.37416666666667,0.1566666666666666,85.2175,0.6800000000000068,-0.1032123883177068
SE,2021,71.51,4.520000000000013,8.883333333333333,101.74594166666668,81.9775,5.0808333333333335,1.97,0.2641666666666666,89.02833333333332,0.2641666666666666,88.76416666666667,-1.3900000000000006,-0.4801835899066518
SE,2022,71.08,10.838117106773826,7.483333333333333,96.13096416666669,69.25166666666667,12.1975,4.341666666666667,0.3733333333333333,85.79083333333334,0.3733333333333333,85.4175,-0.4300000000000068,2.969622121779387
SE,2023,73.43,1.857606518886823,7.675,95.84648916666669,69.00666666666667,15.738333333333337,1.7608333333333333,0.3899999999999999,86.50583333333333,0.3899999999999999,86.11583333333333,2.3500000000000085,1.9169989783369976
SE,2024,73.13,1.6271186440677932,8.358333333333333,99.83624166666664,81.06583333333333,10.375,1.4775,0.3441666666666667,92.91833333333334,0.3441666666666667,92.57416666666668,-0.30000000000001137,-0.016464577651361403
SI,2013,38.28,0.9060484858378848,10.116666666666667,96.1717325,79.84416666666667,0.0,3.4591666666666665,0.1616666666666666,83.30333333333333,0.1616666666666666,83.14166666666667,,2.182154391758657
SI,2014,41.82,-0.0889823653130506,9.708333333333334,98.98133666666666,81.04583333333333,0.0,0.8958333333333334,0.1025,81.94166666666666,0.1025,81.83916666666667,3.539999999999999,0.4994828059047457
SI,2015,37.37,-0.5991417698971824,8.983333333333333,101.30089166666666,86.13,0.0,0.0916666666666666,0.0633333333333333,86.22166666666668,0.0633333333333333,86.15833333333335,-4.450000000000003,-0.9363129450139679
SI,2016,38.31,0.6190437403274407,7.983333333333333,101.2672,85.70416666666667,0.0716666666666666,0.1966666666666666,0.1841666666666666,85.97250000000001,0.1841666666666666,85.78833333333334,0.9400000000000048,-0.9815363882426886
SI,2017,45.16,1.9185622925605104,6.541666666666667,103.34150833333332,82.22916666666667,1.135,1.590833333333333,0.1608333333333333,84.955,0.1608333333333333,84.79416666666667,6.849999999999994,-2.2058768380633014
SI,2018,48.81,1.44559173947576,5.091666666666667,103.86925,78.13416666666667,2.315,2.785833333333333,0.1425,83.235,0.1425,83.09249999999999,3.6500000000000057,-2.879257411052129
SI,2019,52.09,1.9495772001252745,4.441666666666666,103.08211666666666,82.81916666666667,2.1808333333333336,1.1983333333333337,0.0916666666666666,86.19833333333332,0.0916666666666666,86.10666666666667,3.280000000000001,-2.553483461450029
SI,2020,67.07,-1.159665156286016,5.0,98.79896666666669,84.65416666666667,2.615,1.09,0.0541666666666666,88.35916666666667,0.0541666666666666,88.305,14.97999999999999,-0.6438752577062251
SI,2021,63.61,5.120435120435118,4.733333333333333,99.72039416666668,84.4975,1.6708333333333334,1.294166666666667,0.1333333333333333,87.46249999999999,0.1333333333333333,87.32916666666667,-3.4599999999999937,-0.3114265038107163
SI,2022,63.04,10.75467514228694,4.016666666666667,96.91711916666668,79.75083333333333,4.009166666666666,1.4883333333333333,0.1491666666666666,85.24833333333333,0.1491666666666666,85.09916666666666,-0.5700000000000003,1.750262489965485
SI,2023,63.46,3.817405232247739,3.6666666666666665,97.03690166666668,78.75166666666667,6.1241666666666665,1.4683333333333335,0.1516666666666666,86.34416666666668,0.1516666666666666,86.1925,0.4200000000000017,0.6466354041127925
SI,2024,64.56,2.0056569812291203,3.6916666666666664,98.49365583333334,77.505,6.978333333333334,2.8975000000000004,0.3166666666666666,87.38083333333333,0.3166666666666666,87.06416666666667,1.1000000000000014,-0.3505283646643571
SK,2013,48.6,0.3850565295756114,14.166666666666666,99.025585,87.60166666666667,0.0,4.774166666666667,0.1066666666666666,92.37583333333332,0.1066666666666666,92.26916666666666,,1.5736726512170889
SK,2014,50.37,-0.1305802660572896,13.1,101.15614166666668,83.8475,0.0,1.2608333333333337,0.0958333333333333,85.10833333333333,0.0958333333333333,85.0125,1.769999999999996,0.15564435333425042
SK,2015,53.64,-0.4576285037182326,11.475,101.94405,87.98166666666667,0.0,0.1083333333333333,0.0858333333333333,88.08999999999999,0.0858333333333333,88.00416666666666,3.270000000000003,-0.6723149122856312
SK,2016,56.99,0.2216566784336127,9.65,102.43078333333334,85.33749999999999,0.0641666666666666,0.2083333333333333,0.1358333333333333,85.61,0.1358333333333333,85.47416666666668,3.3500000000000014,-1.2516877150159145
SK,2017,58.74,1.9659239842726215,8.058333333333334,102.585075,73.13166666666666,2.7633333333333336,3.9066666666666663,0.2025,79.80166666666666,0.2025,79.59916666666668,1.75,-1.4579644133816239
SK,2018,59.84,1.8637532133676027,6.508333333333333,102.54751666666664,68.90166666666667,3.595,6.718333333333334,0.2091666666666666,79.215,0.2091666666666666,79.00583333333333,1.1000000000000014,-1.8112987272780934
SK,2019,59.24,3.162460567823344,5.708333333333333,102.54906666666666,70.42,3.0375,2.5383333333333336,0.1491666666666666,75.99583333333334,0.1491666666666666,75.84666666666668,-0.6000000000000014,-1.8172951053250321
SK,2020,64.49,1.651249904441543,6.641666666666667,99.7117225,75.29166666666667,3.81,2.0933333333333333,0.1058333333333333,81.19500000000001,0.1058333333333333,81.08916666666667,5.249999999999993,-0.3459703892779675
SK,2021,64.58,5.06881251410094,6.825,99.89432333333332,80.93583333333333,1.9116666666666668,2.255833333333334,0.1808333333333333,85.10333333333334,0.1808333333333333,84.9225,0.09000000000000341,0.07551621972741195
SK,2022,57.68,15.023978240641323,6.191666666666666,98.05964583333332,81.7075,4.346666666666667,1.7333333333333334,0.2366666666666666,87.78749999999998,0.2366666666666666,87.55083333333333,-6.899999999999999,2.2549222679700187
SK,2023,56.99,6.58991910392035,5.825,99.34957583333332,82.8925,5.820833333333333,1.538333333333333,0.4624999999999999,90.25166666666668,0.4624999999999999,89.78916666666667,-0.6899999999999977,0.33606905987064545
SK,2024,57.3,3.228442991418068,5.358333333333333,100.84280916666668,79.665,7.935,4.119166666666667,0.6708333333333334,91.71916666666668,0.6708333333333334,91.04833333333332,0.30999999999999517,-1.008306935375261
TR,2013,31.58,7.438930032054825,9.05,101.86349166666668,77.47500000000001,0.0,4.5183333333333335,0.0716666666666666,81.99333333333334,0.0716666666666666,81.92166666666667,,-0.09803304604105134
TR,2014,38.19,8.209876543209882,9.891666666666667,101.622325,73.74166666666666,0.0,5.634166666666666,0.0591666666666666,79.37583333333333,0.0591666666666666,79.31666666666666,6.609999999999999,0.3279498463766707
TR,2015,41.47,8.775432591747467,10.316666666666666,100.15742333333333,65.1575,0.0,0.1625,0.1766666666666666,65.32000000000001,0.1766666666666666,65.14333333333333,3.280000000000001,1.2608213456408446
TR,2016,48.06,8.521982344200673,10.883333333333333,101.27903333333336,72.37833333333333,0.1508333333333333,0.2083333333333333,0.1133333333333333,72.7375,0.1133333333333333,72.62416666666667,6.590000000000003,0.7778027728892714
TR,2017,54.14,11.916076030927858,10.933333333333332,100.98883333333332,59.54916666666667,2.52,5.958333333333333,0.2175,68.0275,0.2175,67.81,6.079999999999998,1.4092668677388112
TR,2018,59.76,20.308733043071506,10.941666666666668,100.0105975,46.18083333333333,14.966666666666669,15.301666666666668,0.2608333333333333,76.44916666666667,0.2608333333333333,76.18833333333333,5.619999999999997,3.07858493659975
TR,2019,60.18,11.837894422012862,13.733333333333334,97.58391916666666,53.88166666666667,5.826666666666667,9.936666666666666,0.3133333333333333,69.645,0.3133333333333333,69.33166666666666,0.4200000000000017,3.8038928030668036
TR,2020,62.31,14.59898911560986,13.141666666666666,97.99471583333332,52.24,14.245,6.556666666666666,0.1783333333333333,73.04166666666667,0.1783333333333333,72.86333333333333,2.1300000000000026,3.837370368199651
TR,2021,60.08,36.084663492952494,12.016666666666666,97.37833666666668,45.39666666666667,23.616666666666664,10.401666666666667,0.3708333333333333,79.415,0.3708333333333333,79.04416666666667,-2.230000000000004,6.871112265245991
TR,2022,70.85,64.25105033010377,10.475,94.9691325,51.32583333333333,17.615833333333335,9.835833333333332,0.9016666666666668,78.7775,0.9016666666666668,77.87583333333333,10.769999999999996,11.659260214016069
TR,2023,74.58,64.90400175396469,9.366666666666667,97.47883916666666,40.740833333333335,29.251666666666665,9.4,0.8316666666666667,79.3925,0.8316666666666667,78.56083333333333,3.730000000000004,10.19771668009667
TR,2024,76.42,44.40645773979108,8.708333333333334,97.401725,37.58583333333333,31.397499999999997,15.086666666666668,0.905,84.07000000000001,0.905,83.165,1.8400000000000034,7.246282319837731
UK,2013,58.12,2.0000000000000018,7.558333333333334,98.78000583333332,,,,,0.0,0.0,0.0,,0.39536885800557797
UK,2014,59.82,0.5490196078431264,6.141666666666667,101.50811666666668,,,,,0.0,0.0,0.0,1.7000000000000028,-1.5416480963027173
UK,2015,65.66,0.2340093603744319,5.333333333333333,102.37015833333334,,,,,0.0,0.0,0.0,5.839999999999996,-2.21728465663203
UK,2016,68.75,1.5564202334630295,4.825,101.60101666666668,,,,,0.0,0.0,0.0,3.0900000000000034,-1.7546724161852445
UK,2017,71.22,2.911877394636031,4.341666666666667,100.728975,,,,,0.0,0.0,0.0,2.469999999999999,-1.228579954364992
UK,2018,69.75,2.159344750558434,4.016666666666667,100.81560833333332,,,,,0.0,0.0,0.0,-1.4699999999999989,-1.4527140614780447
UK,2019,73.13,1.2390670553936056,3.7416666666666663,100.08399916666669,,,,,0.0,0.0,0.0,3.3799999999999955,-1.2661148657811638
UK,2020,75.71,,4.155555555555555,98.33635916666668,,,,,0.0,0.0,0.0,2.5799999999999983,
XK,2017,56.5,,,,0.0,0.0,0.0,0.0,0.0,0.0,0.0,,
XK,2018,63.27,,,,0.0,0.0,0.0,0.0,0.0,0.0,0.0,6.770000000000003,
XK,2019,67.9,,,,0.0,0.0,0.0,0.0,0.0,0.0,0.0,4.630000000000003,
XK,2020,82.97,,,,0.0,0.0,0.0,0.0,0.0,0.0,0.0,15.069999999999993,
